Unit_Code,Start_Date,Year_Quarter,Year,Quarter,Station_ID,Station_Type,Loc_Type,Pool_Group,Loc_Name,Parameter,Units,Depth,Lab,Colocation,QA_Flag,Plume,n,mean_value,sd
KAHO,5/15/2008,2008.375,2008,0.375,FKAHO01_ap,Fixed,Anchialine,Central,HA_Kaloko_005,NO3,mg/l      ,Surface,PACNEPSC,NA,0,0,3,0.653666667,0.164101595
KAHO,5/15/2008,2008.375,2008,0.375,FKAHO01_ap,Fixed,Anchialine,Central,HA_Kaloko_005,TDN,mg/l      ,Surface,PACNEPSC,NA,0,0,3,0.799333333,0.177967225
KAHO,5/15/2008,2008.375,2008,0.375,FKAHO01_ap,Fixed,Anchialine,Central,HA_Kaloko_005,TDP,mg/l      ,Surface,PACNEPSC,NA,0,0,3,0.069666667,0.011718931
KAHO,5/15/2008,2008.375,2008,0.375,FKAHO02_ap,Fixed,Anchialine,Central,HA_Kaloko_016,NO3,mg/l      ,Surface,PACNEPSC,NA,0,0,3,0.656333333,0.246000678
KAHO,5/15/2008,2008.375,2008,0.375,FKAHO02_ap,Fixed,Anchialine,Central,HA_Kaloko_016,TDN,mg/l      ,Surface,PACNEPSC,NA,0,0,3,0.939666667,0.158272971
KAHO,5/15/2008,2008.375,2008,0.375,FKAHO02_ap,Fixed,Anchialine,Central,HA_Kaloko_016,TDP,mg/l      ,Surface,PACNEPSC,NA,0,0,3,0.069666667,0.01530795
KAHO,5/15/2008,2008.375,2008,0.375,TKAHO0120080515,Temporary,Anchialine,Central,HA_Kaloko_011,NO3,mg/l      ,Surface,PACNEPSC,NA,0,0,3,0.700333333,0.105850524
KAHO,5/15/2008,2008.375,2008,0.375,TKAHO0120080515,Temporary,Anchialine,Central,HA_Kaloko_011,TDN,mg/l      ,Surface,PACNEPSC,NA,0,0,3,0.956666667,0.117738411
KAHO,5/15/2008,2008.375,2008,0.375,TKAHO0120080515,Temporary,Anchialine,Central,HA_Kaloko_011,TDP,mg/l      ,Surface,PACNEPSC,NA,0,0,3,0.076333333,0.008962886
KAHO,5/15/2008,2008.375,2008,0.375,TKAHO0220080515,Temporary,Anchialine,Central,HA_Honoko_029,NO3,mg/l      ,Surface,PACNEPSC,NA,0,0,3,0.498666667,0.052080067
KAHO,5/15/2008,2008.375,2008,0.375,TKAHO0220080515,Temporary,Anchialine,Central,HA_Honoko_029,TDN,mg/l      ,Surface,PACNEPSC,NA,0,0,3,0.974666667,0.38840357
KAHO,5/15/2008,2008.375,2008,0.375,TKAHO0220080515,Temporary,Anchialine,Central,HA_Honoko_029,TDP,mg/l      ,Surface,PACNEPSC,NA,0,0,3,0.06,0.006557439
KAHO,10/27/2008,2008.875,2008,0.875,FKAHO01_ap,Fixed,Anchialine,Central,HA_Kaloko_005,NO3,mg/l      ,Surface,PACNEPSC,NA,0,0,3,0.554,0.115831775
KAHO,10/27/2008,2008.875,2008,0.875,FKAHO01_ap,Fixed,Anchialine,Central,HA_Kaloko_005,TDN,mg/l      ,Surface,PACNEPSC,NA,0,0,3,0.633333333,0.171608081
KAHO,10/27/2008,2008.875,2008,0.875,FKAHO01_ap,Fixed,Anchialine,Central,HA_Kaloko_005,TDP,mg/l      ,Surface,PACNEPSC,NA,0,0,3,0.060333333,0.005033223
KAHO,10/27/2008,2008.875,2008,0.875,FKAHO02_ap,Fixed,Anchialine,Central,HA_Kaloko_016,NO3,mg/l      ,Surface,PACNEPSC,NA,0,0,3,0.803666667,0.152791797
KAHO,10/27/2008,2008.875,2008,0.875,FKAHO02_ap,Fixed,Anchialine,Central,HA_Kaloko_016,TDN,mg/l      ,Surface,PACNEPSC,NA,0,0,3,0.919666667,0.195709819
KAHO,10/27/2008,2008.875,2008,0.875,FKAHO02_ap,Fixed,Anchialine,Central,HA_Kaloko_016,TDP,mg/l      ,Surface,PACNEPSC,NA,0,0,3,0.086666667,0.010692677
KAHO,10/27/2008,2008.875,2008,0.875,TKAHO0120081027,Temporary,Anchialine,Central,HA_Kaloko_009,NO3,mg/l      ,Surface,PACNEPSC,NA,0,0,3,0.825666667,0.157335099
KAHO,10/27/2008,2008.875,2008,0.875,TKAHO0120081027,Temporary,Anchialine,Central,HA_Kaloko_009,TDN,mg/l      ,Surface,PACNEPSC,NA,0,0,3,0.902333333,0.164925236
KAHO,10/27/2008,2008.875,2008,0.875,TKAHO0120081027,Temporary,Anchialine,Central,HA_Kaloko_009,TDP,mg/l      ,Surface,PACNEPSC,NA,0,0,3,0.072333333,0.009609024
KAHO,10/27/2008,2008.875,2008,0.875,TKAHO0720081027,Temporary,Anchialine,Central,HA_Kaloko_066,NO3,mg/l      ,Surface,PACNEPSC,NA,0,0,3,0.856333333,0.088047336
KAHO,10/27/2008,2008.875,2008,0.875,TKAHO0720081027,Temporary,Anchialine,Central,HA_Kaloko_066,TDN,mg/l      ,Surface,PACNEPSC,NA,0,0,3,1.036,0.111301393
KAHO,10/27/2008,2008.875,2008,0.875,TKAHO0720081027,Temporary,Anchialine,Central,HA_Kaloko_066,TDP,mg/l      ,Surface,PACNEPSC,NA,0,0,3,0.078666667,0.002516611
KAHO,2/26/2009,2009.125,2009,0.125,FKAHO01_ap,Fixed,Anchialine,Central,HA_Kaloko_005,NO3,mg/l      ,Surface,PACNEPSC,NA,0,0,3,0.580333333,0.066335008
KAHO,2/26/2009,2009.125,2009,0.125,FKAHO01_ap,Fixed,Anchialine,Central,HA_Kaloko_005,TDN,mg/l      ,Surface,PACNEPSC,NA,0,0,3,0.701,0.048774994
KAHO,2/26/2009,2009.125,2009,0.125,FKAHO01_ap,Fixed,Anchialine,Central,HA_Kaloko_005,TDP,mg/l      ,Surface,PACNEPSC,NA,0,0,3,0.056666667,0.003785939
KAHO,2/26/2009,2009.125,2009,0.125,FKAHO02_ap,Fixed,Anchialine,Central,HA_Kaloko_016,NO3,mg/l      ,Surface,PACNEPSC,NA,0,0,3,0.7925,0.146764812
KAHO,2/26/2009,2009.125,2009,0.125,FKAHO02_ap,Fixed,Anchialine,Central,HA_Kaloko_016,TDN,mg/l      ,Surface,PACNEPSC,NA,0,0,3,0.956,0.165805579
KAHO,2/26/2009,2009.125,2009,0.125,FKAHO02_ap,Fixed,Anchialine,Central,HA_Kaloko_016,TDP,mg/l      ,Surface,PACNEPSC,NA,0,0,3,0.085633333,0.01227124
KAHO,2/26/2009,2009.125,2009,0.125,TKAHO0120090226,Temporary,Anchialine,Central,HA_Kaloko_013,NO3,mg/l      ,Surface,PACNEPSC,NA,0,0,3,0.775333333,0.088274194
KAHO,2/26/2009,2009.125,2009,0.125,TKAHO0120090226,Temporary,Anchialine,Central,HA_Kaloko_013,TDN,mg/l      ,Surface,PACNEPSC,NA,0,0,3,0.886666667,0.081445278
KAHO,2/26/2009,2009.125,2009,0.125,TKAHO0120090226,Temporary,Anchialine,Central,HA_Kaloko_013,TDP,mg/l      ,Surface,PACNEPSC,NA,0,0,3,0.066333333,0.010263203
KAHO,2/26/2009,2009.125,2009,0.125,TKAHO0220090226,Temporary,Anchialine,Central,HA_Kaloko_032,NO3,mg/l      ,Surface,PACNEPSC,NA,0,0,3,0.499666667,0.072231111
KAHO,2/26/2009,2009.125,2009,0.125,TKAHO0220090226,Temporary,Anchialine,Central,HA_Kaloko_032,TDN,mg/l      ,Surface,PACNEPSC,NA,0,0,3,0.678,0.154171982
KAHO,2/26/2009,2009.125,2009,0.125,TKAHO0220090226,Temporary,Anchialine,Central,HA_Kaloko_032,TDP,mg/l      ,Surface,PACNEPSC,NA,0,0,3,0.051666667,0.008020806
KAHO,2/26/2009,2009.125,2009,0.125,TKAHO0420090226,Temporary,Anchialine,Central,HA_Kaloko_044,NO3,mg/l      ,Surface,PACNEPSC,NA,0,0,3,0.629666667,0.091391101
KAHO,2/26/2009,2009.125,2009,0.125,TKAHO0420090226,Temporary,Anchialine,Central,HA_Kaloko_044,TDN,mg/l      ,Surface,PACNEPSC,NA,0,0,3,0.712333333,0.096458972
KAHO,2/26/2009,2009.125,2009,0.125,TKAHO0420090226,Temporary,Anchialine,Central,HA_Kaloko_044,TDP,mg/l      ,Surface,PACNEPSC,NA,0,0,3,0.066,0.006928203
KAHO,4/28/2009,2009.375,2009,0.375,FKAHO01_ap,Fixed,Anchialine,Central,HA_Kaloko_005,NO3,mg/l      ,Surface,PACNEPSC,NA,0,0,3,0.781,0.115364639
KAHO,4/28/2009,2009.375,2009,0.375,FKAHO01_ap,Fixed,Anchialine,Central,HA_Kaloko_005,TDN,mg/l      ,Surface,PACNEPSC,NA,0,0,3,0.889333333,0.183481153
KAHO,4/28/2009,2009.375,2009,0.375,FKAHO01_ap,Fixed,Anchialine,Central,HA_Kaloko_005,TDP,mg/l      ,Surface,PACNEPSC,NA,0,0,3,0.069666667,0.007234178
KAHO,4/28/2009,2009.375,2009,0.375,FKAHO02_ap,Fixed,Anchialine,Central,HA_Kaloko_016,NO3,mg/l      ,Surface,PACNEPSC,NA,0,0,3,0.841333333,0.21894596
KAHO,4/28/2009,2009.375,2009,0.375,FKAHO02_ap,Fixed,Anchialine,Central,HA_Kaloko_016,TDN,mg/l      ,Surface,PACNEPSC,NA,0,0,3,0.968666667,0.208847632
KAHO,4/28/2009,2009.375,2009,0.375,FKAHO02_ap,Fixed,Anchialine,Central,HA_Kaloko_016,TDP,mg/l      ,Surface,PACNEPSC,NA,0,0,3,0.079666667,0.017214335
KAHO,4/28/2009,2009.375,2009,0.375,TKAHO0420090428,Temporary,Anchialine,Central,HA_Kaloko_053B,NO3,mg/l      ,Surface,PACNEPSC,NA,0,0,3,0.589333333,0.0521664
KAHO,4/28/2009,2009.375,2009,0.375,TKAHO0420090428,Temporary,Anchialine,Central,HA_Kaloko_053B,TDN,mg/l      ,Surface,PACNEPSC,NA,0,0,3,0.697,0.119616052
KAHO,4/28/2009,2009.375,2009,0.375,TKAHO0420090428,Temporary,Anchialine,Central,HA_Kaloko_053B,TDP,mg/l      ,Surface,PACNEPSC,NA,0,0,3,0.059,0.014525839
KAHO,4/28/2009,2009.375,2009,0.375,TKAHO0520090428,Temporary,Anchialine,Central,HA_Kaloko_053E,NO3,mg/l      ,Surface,PACNEPSC,NA,0,0,3,0.862333333,0.096027774
KAHO,4/28/2009,2009.375,2009,0.375,TKAHO0520090428,Temporary,Anchialine,Central,HA_Kaloko_053E,TDN,mg/l      ,Surface,PACNEPSC,NA,0,0,3,1.031,0.102679112
KAHO,4/28/2009,2009.375,2009,0.375,TKAHO0520090428,Temporary,Anchialine,Central,HA_Kaloko_053E,TDP,mg/l      ,Surface,PACNEPSC,NA,0,0,3,0.078666667,0.004932883
KAHO,7/24/2009,2009.625,2009,0.625,FKAHO01_ap,Fixed,Anchialine,Central,HA_Kaloko_005,NO3,mg/l      ,Surface,PACNEPSC,NA,0,0,3,0.867666667,0.202247604
KAHO,7/24/2009,2009.625,2009,0.625,FKAHO01_ap,Fixed,Anchialine,Central,HA_Kaloko_005,TDN,mg/l      ,Surface,PACNEPSC,NA,0,0,3,0.8781,0.230412955
KAHO,7/24/2009,2009.625,2009,0.625,FKAHO01_ap,Fixed,Anchialine,Central,HA_Kaloko_005,TDP,mg/l      ,Surface,PACNEPSC,NA,0,0,3,0.070066667,0.012188656
KAHO,7/24/2009,2009.625,2009,0.625,FKAHO02_ap,Fixed,Anchialine,Central,HA_Kaloko_016,NO3,mg/l      ,Surface,PACNEPSC,NA,0,0,3,1.1761,0.005424942
KAHO,7/24/2009,2009.625,2009,0.625,FKAHO02_ap,Fixed,Anchialine,Central,HA_Kaloko_016,TDN,mg/l      ,Surface,PACNEPSC,NA,0,0,3,1.133666667,0.065607418
KAHO,7/24/2009,2009.625,2009,0.625,FKAHO02_ap,Fixed,Anchialine,Central,HA_Kaloko_016,TDP,mg/l      ,Surface,PACNEPSC,NA,0,0,3,0.1019,0.002357965
KAHO,7/24/2009,2009.625,2009,0.625,TKAHO0120090724,Temporary,Anchialine,Central,HA_Honoko_021,NO3,mg/l      ,Surface,PACNEPSC,NA,0,0,3,0.766066667,0.278719327
KAHO,7/24/2009,2009.625,2009,0.625,TKAHO0120090724,Temporary,Anchialine,Central,HA_Honoko_021,TDN,mg/l      ,Surface,PACNEPSC,NA,0,0,3,0.7439,0.288910038
KAHO,7/24/2009,2009.625,2009,0.625,TKAHO0120090724,Temporary,Anchialine,Central,HA_Honoko_021,TDP,mg/l      ,Surface,PACNEPSC,NA,0,0,3,0.064266667,0.013922045
KAHO,7/24/2009,2009.625,2009,0.625,TKAHO0420090724,Temporary,Anchialine,Central,HA_Kaloko_009,NO3,mg/l      ,Surface,PACNEPSC,NA,0,0,3,1.009233333,0.028639891
KAHO,7/24/2009,2009.625,2009,0.625,TKAHO0420090724,Temporary,Anchialine,Central,HA_Kaloko_009,TDN,mg/l      ,Surface,PACNEPSC,NA,0,0,3,1.0359,0.04080049
KAHO,7/24/2009,2009.625,2009,0.625,TKAHO0420090724,Temporary,Anchialine,Central,HA_Kaloko_009,TDP,mg/l      ,Surface,PACNEPSC,NA,0,0,3,0.079466667,0.003082748
KAHO,7/24/2009,2009.625,2009,0.625,TKAHO0520090724,Temporary,Anchialine,Central,HA_Kaloko_012,NO3,mg/l      ,Surface,PACNEPSC,NA,0,0,3,0.948366667,0.012454049
KAHO,7/24/2009,2009.625,2009,0.625,TKAHO0520090724,Temporary,Anchialine,Central,HA_Kaloko_012,TDN,mg/l      ,Surface,PACNEPSC,NA,0,0,3,0.941266667,0.037325103
KAHO,7/24/2009,2009.625,2009,0.625,TKAHO0520090724,Temporary,Anchialine,Central,HA_Kaloko_012,TDP,mg/l      ,Surface,PACNEPSC,NA,0,0,3,0.0749,7.21E-04
KAHO,10/29/2009,2009.875,2009,0.875,FKAHO01_ap,Fixed,Anchialine,Central,HA_Kaloko_005,NO3,mg/l      ,Surface,PACNEPSC,NA,0,0,3,0.752866667,0.229464187
KAHO,10/29/2009,2009.875,2009,0.875,FKAHO01_ap,Fixed,Anchialine,Central,HA_Kaloko_005,TDN,mg/l      ,Surface,PACNEPSC,NA,0,0,3,0.770733333,0.246663381
KAHO,10/29/2009,2009.875,2009,0.875,FKAHO01_ap,Fixed,Anchialine,Central,HA_Kaloko_005,TDP,mg/l      ,Surface,PACNEPSC,NA,0,0,3,0.086233333,0.008919828
KAHO,10/29/2009,2009.875,2009,0.875,FKAHO02_ap,Fixed,Anchialine,Central,HA_Kaloko_016,NO3,mg/l      ,Surface,PACNEPSC,NA,0,0,3,0.975466667,0.112243055
KAHO,10/29/2009,2009.875,2009,0.875,FKAHO02_ap,Fixed,Anchialine,Central,HA_Kaloko_016,TDN,mg/l      ,Surface,PACNEPSC,NA,0,0,3,0.975,0.107408519
KAHO,10/29/2009,2009.875,2009,0.875,FKAHO02_ap,Fixed,Anchialine,Central,HA_Kaloko_016,TDP,mg/l      ,Surface,PACNEPSC,NA,0,0,3,0.114933333,0.006047589
KAHO,10/29/2009,2009.875,2009,0.875,TKAHO0120091029,Temporary,Anchialine,Central,HA_Honoko_020,NO3,mg/l      ,Surface,PACNEPSC,NA,0,0,3,0.974066667,0.025701621
KAHO,10/29/2009,2009.875,2009,0.875,TKAHO0120091029,Temporary,Anchialine,Central,HA_Honoko_020,TDN,mg/l      ,Surface,PACNEPSC,NA,0,0,3,0.927633333,0.01847169
KAHO,10/29/2009,2009.875,2009,0.875,TKAHO0120091029,Temporary,Anchialine,Central,HA_Honoko_020,TDP,mg/l      ,Surface,PACNEPSC,NA,0,0,3,0.101133333,0.003317127
KAHO,10/29/2009,2009.875,2009,0.875,TKAHO0420091029,Temporary,Anchialine,Central,HA_Kaloko_046,NO3,mg/l      ,Surface,PACNEPSC,NA,0,0,3,0.999733333,0.013927072
KAHO,10/29/2009,2009.875,2009,0.875,TKAHO0420091029,Temporary,Anchialine,Central,HA_Kaloko_046,TDN,mg/l      ,Surface,PACNEPSC,NA,0,0,3,0.984033333,0.019524429
KAHO,10/29/2009,2009.875,2009,0.875,TKAHO0420091029,Temporary,Anchialine,Central,HA_Kaloko_046,TDP,mg/l      ,Surface,PACNEPSC,NA,0,0,3,0.0995,0
KAHO,10/29/2009,2009.875,2009,0.875,TKAHO0520091029,Temporary,Anchialine,Central,HA_Kaloko_053H,NO3,mg/l      ,Surface,PACNEPSC,NA,0,0,3,0.9476,0.338877367
KAHO,10/29/2009,2009.875,2009,0.875,TKAHO0520091029,Temporary,Anchialine,Central,HA_Kaloko_053H,TDN,mg/l      ,Surface,PACNEPSC,NA,0,0,3,0.916233333,0.294881439
KAHO,10/29/2009,2009.875,2009,0.875,TKAHO0520091029,Temporary,Anchialine,Central,HA_Kaloko_053H,TDP,mg/l      ,Surface,PACNEPSC,NA,0,0,3,0.108433333,0.017564832
KAHO,1/19/2010,2010.125,2010,0.125,FKAHO01_ap,Fixed,Anchialine,Central,HA_Kaloko_005,NO3,mg/l      ,Surface,PACNEPSC,NA,0,0,3,0.892333333,0.00321455
KAHO,1/19/2010,2010.125,2010,0.125,FKAHO01_ap,Fixed,Anchialine,Central,HA_Kaloko_005,TDN,mg/l      ,Surface,PACNEPSC,NA,0,0,3,0.911666667,0.045280607
KAHO,1/19/2010,2010.125,2010,0.125,FKAHO01_ap,Fixed,Anchialine,Central,HA_Kaloko_005,TDP,mg/l      ,Surface,PACNEPSC,NA,0,0,3,0.075333333,0.00305505
KAHO,1/19/2010,2010.125,2010,0.125,FKAHO02_ap,Fixed,Anchialine,Central,HA_Kaloko_016,NO3,mg/l      ,Surface,PACNEPSC,NA,0,0,3,1.071,0.012288206
KAHO,1/19/2010,2010.125,2010,0.125,FKAHO02_ap,Fixed,Anchialine,Central,HA_Kaloko_016,TDN,mg/l      ,Surface,PACNEPSC,NA,0,0,3,1.076333333,0.037607623
KAHO,1/19/2010,2010.125,2010,0.125,FKAHO02_ap,Fixed,Anchialine,Central,HA_Kaloko_016,TDP,mg/l      ,Surface,PACNEPSC,NA,0,0,3,0.096666667,0.001527525
KAHO,1/19/2010,2010.125,2010,0.125,TKAHO0520100119,Temporary,Anchialine,Central,HA_Kaloko_050,NO3,mg/l      ,Surface,PACNEPSC,NA,0,0,3,0.907666667,0.043015501
KAHO,1/19/2010,2010.125,2010,0.125,TKAHO0520100119,Temporary,Anchialine,Central,HA_Kaloko_050,TDN,mg/l      ,Surface,PACNEPSC,NA,0,0,3,0.954333333,0.059534304
KAHO,1/19/2010,2010.125,2010,0.125,TKAHO0520100119,Temporary,Anchialine,Central,HA_Kaloko_050,TDP,mg/l      ,Surface,PACNEPSC,NA,0,0,3,0.067666667,0.002309401
KAHO,1/19/2010,2010.125,2010,0.125,TKAHO0620100119,Temporary,Anchialine,Central,HA_Kaloko_055,NO3,mg/l      ,Surface,PACNEPSC,NA,0,0,3,0.861,0.202659813
KAHO,1/19/2010,2010.125,2010,0.125,TKAHO0620100119,Temporary,Anchialine,Central,HA_Kaloko_055,TDN,mg/l      ,Surface,PACNEPSC,NA,0,0,3,0.859333333,0.206000809
KAHO,1/19/2010,2010.125,2010,0.125,TKAHO0620100119,Temporary,Anchialine,Central,HA_Kaloko_055,TDP,mg/l      ,Surface,PACNEPSC,NA,0,0,3,0.066666667,0.021825062
KAHO,1/19/2010,2010.125,2010,0.125,TKAHO0720100119,Temporary,Anchialine,Central,HA_Kaloko_057E,NO3,mg/l      ,Surface,PACNEPSC,NA,0,0,3,0.988,0.002
KAHO,1/19/2010,2010.125,2010,0.125,TKAHO0720100119,Temporary,Anchialine,Central,HA_Kaloko_057E,TDN,mg/l      ,Surface,PACNEPSC,NA,0,0,3,0.984333333,0.027736859
KAHO,1/19/2010,2010.125,2010,0.125,TKAHO0720100119,Temporary,Anchialine,Central,HA_Kaloko_057E,TDP,mg/l      ,Surface,PACNEPSC,NA,0,0,3,0.069666667,0.001154701
KAHO,4/14/2010,2010.375,2010,0.375,FKAHO01_ap,Fixed,Anchialine,Central,HA_Kaloko_005,NO3,mg/l      ,Surface,PACNEPSC,NA,0,0,3,0.781666667,0.127347294
KAHO,4/14/2010,2010.375,2010,0.375,FKAHO01_ap,Fixed,Anchialine,Central,HA_Kaloko_005,TDN,mg/l      ,Surface,PACNEPSC,NA,0,0,3,0.758333333,0.163732505
KAHO,4/14/2010,2010.375,2010,0.375,FKAHO01_ap,Fixed,Anchialine,Central,HA_Kaloko_005,TDP,mg/l      ,Surface,PACNEPSC,NA,0,0,3,0.071333333,0.007371115
KAHO,4/14/2010,2010.375,2010,0.375,FKAHO02_ap,Fixed,Anchialine,Central,HA_Kaloko_016,NO3,mg/l      ,Surface,PACNEPSC,NA,0,0,3,0.882,0.185210691
KAHO,4/14/2010,2010.375,2010,0.375,FKAHO02_ap,Fixed,Anchialine,Central,HA_Kaloko_016,TDN,mg/l      ,Surface,PACNEPSC,NA,0,0,3,0.847,0.157248211
KAHO,4/14/2010,2010.375,2010,0.375,FKAHO02_ap,Fixed,Anchialine,Central,HA_Kaloko_016,TDP,mg/l      ,Surface,PACNEPSC,NA,0,0,3,0.086333333,0.010598742
KAHO,4/14/2010,2010.375,2010,0.375,TKAHO0120100414,Temporary,Anchialine,Central,HA_Kaloko_067,NO3,mg/l      ,Surface,PACNEPSC,NA,0,0,3,0.839333333,0.163429903
KAHO,4/14/2010,2010.375,2010,0.375,TKAHO0120100414,Temporary,Anchialine,Central,HA_Kaloko_067,TDN,mg/l      ,Surface,PACNEPSC,NA,0,0,3,0.848333333,0.161171751
KAHO,4/14/2010,2010.375,2010,0.375,TKAHO0120100414,Temporary,Anchialine,Central,HA_Kaloko_067,TDP,mg/l      ,Surface,PACNEPSC,NA,0,0,3,0.082333333,0.007371115
KAHO,4/14/2010,2010.375,2010,0.375,TKAHO0220100414,Temporary,Anchialine,Central,HA_Kaloko_062,NO3,mg/l      ,Surface,PACNEPSC,NA,0,0,3,0.824333333,0.161963988
KAHO,4/14/2010,2010.375,2010,0.375,TKAHO0220100414,Temporary,Anchialine,Central,HA_Kaloko_062,TDN,mg/l      ,Surface,PACNEPSC,NA,0,0,3,0.843333333,0.147892979
KAHO,4/14/2010,2010.375,2010,0.375,TKAHO0220100414,Temporary,Anchialine,Central,HA_Kaloko_062,TDP,mg/l      ,Surface,PACNEPSC,NA,0,0,3,0.068,0.011532563
KAHO,4/14/2010,2010.375,2010,0.375,TKAHO0420100414,Temporary,Anchialine,Central,HA_Kaloko_061,NO3,mg/l      ,Surface,PACNEPSC,NA,0,0,3,0.712333333,0.019295941
KAHO,4/14/2010,2010.375,2010,0.375,TKAHO0420100414,Temporary,Anchialine,Central,HA_Kaloko_061,TDN,mg/l      ,Surface,PACNEPSC,NA,0,0,3,0.720333333,0.027592269
KAHO,4/14/2010,2010.375,2010,0.375,TKAHO0420100414,Temporary,Anchialine,Central,HA_Kaloko_061,TDP,mg/l      ,Surface,PACNEPSC,NA,0,0,3,0.072666667,5.77E-04
KAHO,7/16/2010,2010.625,2010,0.625,FKAHO01_ap,Fixed,Anchialine,Central,HA_Kaloko_005,NO3,mg/l      ,Surface,PACNEPSC,NA,0,0,3,0.807666667,0.159104787
KAHO,7/16/2010,2010.625,2010,0.625,FKAHO01_ap,Fixed,Anchialine,Central,HA_Kaloko_005,TDN,mg/l      ,Surface,PACNEPSC,NA,0,0,3,0.839333333,0.107908912
KAHO,7/16/2010,2010.625,2010,0.625,FKAHO01_ap,Fixed,Anchialine,Central,HA_Kaloko_005,TDP,mg/l      ,Surface,PACNEPSC,NA,0,0,3,0.088,0.008
KAHO,7/16/2010,2010.625,2010,0.625,FKAHO02_ap,Fixed,Anchialine,Central,HA_Kaloko_016,NO3,mg/l      ,Surface,PACNEPSC,NA,0,0,3,0.673,0.04330127
KAHO,7/16/2010,2010.625,2010,0.625,FKAHO02_ap,Fixed,Anchialine,Central,HA_Kaloko_016,TDN,mg/l      ,Surface,PACNEPSC,NA,0,0,3,0.720666667,0.037527767
KAHO,7/16/2010,2010.625,2010,0.625,FKAHO02_ap,Fixed,Anchialine,Central,HA_Kaloko_016,TDP,mg/l      ,Surface,PACNEPSC,NA,0,0,3,0.111333333,0.010016653
KAHO,7/16/2010,2010.625,2010,0.625,TKAHO0220100716,Temporary,Anchialine,Central,HA_Kaloko_049,NO3,mg/l      ,Surface,PACNEPSC,NA,0,0,3,0.590666667,0.041669333
KAHO,7/16/2010,2010.625,2010,0.625,TKAHO0220100716,Temporary,Anchialine,Central,HA_Kaloko_049,TDN,mg/l      ,Surface,PACNEPSC,NA,0,0,3,0.609666667,0.059718785
KAHO,7/16/2010,2010.625,2010,0.625,TKAHO0220100716,Temporary,Anchialine,Central,HA_Kaloko_049,TDP,mg/l      ,Surface,PACNEPSC,NA,0,0,3,0.076333333,0.00321455
KAHO,7/16/2010,2010.625,2010,0.625,TKAHO0520100716,Temporary,Anchialine,Central,HA_Kaloko_007,NO3,mg/l      ,Surface,PACNEPSC,NA,0,0,3,0.608,0.139774819
KAHO,7/16/2010,2010.625,2010,0.625,TKAHO0520100716,Temporary,Anchialine,Central,HA_Kaloko_007,TDN,mg/l      ,Surface,PACNEPSC,NA,0,0,3,0.662,0.163183945
KAHO,7/16/2010,2010.625,2010,0.625,TKAHO0520100716,Temporary,Anchialine,Central,HA_Kaloko_007,TDP,mg/l      ,Surface,PACNEPSC,NA,0,0,3,0.079,0.010148892
KAHO,7/16/2010,2010.625,2010,0.625,TKAHO0720100716,Temporary,Anchialine,Central,HA_Kaloko_058,NO3,mg/l      ,Surface,PACNEPSC,NA,0,0,3,0.796333333,0.228552693
KAHO,7/16/2010,2010.625,2010,0.625,TKAHO0720100716,Temporary,Anchialine,Central,HA_Kaloko_058,TDN,mg/l      ,Surface,PACNEPSC,NA,0,0,3,0.838,0.301159426
KAHO,7/16/2010,2010.625,2010,0.625,TKAHO0720100716,Temporary,Anchialine,Central,HA_Kaloko_058,TDP,mg/l      ,Surface,PACNEPSC,NA,0,0,3,0.099666667,0.02532456
KAHO,11/19/2010,2010.875,2010,0.875,FKAHO01_ap,Fixed,Anchialine,Central,HA_Kaloko_005,NO3,mg/l      ,Surface,PACNEPSC,NA,0,0,3,0.631333333,0.016258331
KAHO,11/19/2010,2010.875,2010,0.875,FKAHO01_ap,Fixed,Anchialine,Central,HA_Kaloko_005,TDN,mg/l      ,Surface,PACNEPSC,NA,0,0,3,0.668,0.054616847
KAHO,11/19/2010,2010.875,2010,0.875,FKAHO01_ap,Fixed,Anchialine,Central,HA_Kaloko_005,TDP,mg/l      ,Surface,PACNEPSC,NA,0,0,3,0.078666667,0.004618802
KAHO,11/19/2010,2010.875,2010,0.875,FKAHO02_ap,Fixed,Anchialine,Central,HA_Kaloko_016,NO3,mg/l      ,Surface,PACNEPSC,NA,0,0,3,0.774666667,0.116646189
KAHO,11/19/2010,2010.875,2010,0.875,FKAHO02_ap,Fixed,Anchialine,Central,HA_Kaloko_016,TDN,mg/l      ,Surface,PACNEPSC,NA,0,0,3,0.834,0.119549153
KAHO,11/19/2010,2010.875,2010,0.875,FKAHO02_ap,Fixed,Anchialine,Central,HA_Kaloko_016,TDP,mg/l      ,Surface,PACNEPSC,NA,0,0,3,0.096,0.023579652
KAHO,1/24/2011,2011.125,2011,0.125,FKAHO01_ap,Fixed,Anchialine,Central,HA_Kaloko_005,NO3,mg/l      ,Surface,PACNEPSC,NA,0,0,3,0.6707,0.076996818
KAHO,1/24/2011,2011.125,2011,0.125,FKAHO01_ap,Fixed,Anchialine,Central,HA_Kaloko_005,TDN,mg/l      ,Surface,PACNEPSC,NA,0,0,3,0.6993,0.110571651
KAHO,1/24/2011,2011.125,2011,0.125,FKAHO01_ap,Fixed,Anchialine,Central,HA_Kaloko_005,TDP,mg/l      ,Surface,PACNEPSC,NA,0,0,3,0.0886,0.003803945
KAHO,1/24/2011,2011.125,2011,0.125,FKAHO02_ap,Fixed,Anchialine,Central,HA_Kaloko_016,NO3,mg/l      ,Surface,PACNEPSC,NA,0,0,3,1.181266667,0.005918051
KAHO,1/24/2011,2011.125,2011,0.125,FKAHO02_ap,Fixed,Anchialine,Central,HA_Kaloko_016,TDN,mg/l      ,Surface,PACNEPSC,NA,0,0,3,1.180133333,0.022059994
KAHO,1/24/2011,2011.125,2011,0.125,FKAHO02_ap,Fixed,Anchialine,Central,HA_Kaloko_016,TDP,mg/l      ,Surface,PACNEPSC,NA,0,0,3,0.129533333,0.003774034
KAHO,1/24/2011,2011.125,2011,0.125,TKAHO0420110124,Temporary,Anchialine,Central,HA_Kaloko_032,NO3,mg/l      ,Surface,PACNEPSC,NA,0,0,3,1.023433333,0.025586194
KAHO,1/24/2011,2011.125,2011,0.125,TKAHO0420110124,Temporary,Anchialine,Central,HA_Kaloko_032,TDN,mg/l      ,Surface,PACNEPSC,NA,0,0,3,1.012333333,0.047224605
KAHO,1/24/2011,2011.125,2011,0.125,TKAHO0420110124,Temporary,Anchialine,Central,HA_Kaloko_032,TDP,mg/l      ,Surface,PACNEPSC,NA,0,0,3,0.1168,0.002455606
KAHO,4/28/2011,2011.375,2011,0.375,FKAHO01_ap,Fixed,Anchialine,Central,HA_Kaloko_005,NO3,mg/l      ,Surface,PACNEPSC,NA,0,0,3,0.964966667,0.032625808
KAHO,4/28/2011,2011.375,2011,0.375,FKAHO01_ap,Fixed,Anchialine,Central,HA_Kaloko_005,TDN,mg/l      ,Surface,PACNEPSC,NA,0,0,3,1.034766667,0.036126491
KAHO,4/28/2011,2011.375,2011,0.375,FKAHO01_ap,Fixed,Anchialine,Central,HA_Kaloko_005,TDP,mg/l      ,Surface,PACNEPSC,NA,0,0,3,0.099033333,0.005329478
KAHO,4/28/2011,2011.375,2011,0.375,FKAHO02_ap,Fixed,Anchialine,Central,HA_Kaloko_016,NO3,mg/l      ,Surface,PACNEPSC,NA,0,0,3,1.163966667,0.007850053
KAHO,4/28/2011,2011.375,2011,0.375,FKAHO02_ap,Fixed,Anchialine,Central,HA_Kaloko_016,TDN,mg/l      ,Surface,PACNEPSC,NA,0,0,3,1.269266667,0.010585997
KAHO,4/28/2011,2011.375,2011,0.375,FKAHO02_ap,Fixed,Anchialine,Central,HA_Kaloko_016,TDP,mg/l      ,Surface,PACNEPSC,NA,0,0,3,0.1194,0.001868154
KAHO,4/28/2011,2011.375,2011,0.375,TKAHO0520110428,Temporary,Anchialine,Central,HA_Kaloko_053H,NO3,mg/l      ,Surface,PACNEPSC,NA,0,0,3,1.2985,0.01084297
KAHO,4/28/2011,2011.375,2011,0.375,TKAHO0520110428,Temporary,Anchialine,Central,HA_Kaloko_053H,TDN,mg/l      ,Surface,PACNEPSC,NA,0,0,3,1.434733333,0.042511214
KAHO,4/28/2011,2011.375,2011,0.375,TKAHO0520110428,Temporary,Anchialine,Central,HA_Kaloko_053H,TDP,mg/l      ,Surface,PACNEPSC,NA,0,0,3,0.1259,0.008466404
KAHO,4/28/2011,2011.375,2011,0.375,TKAHO0620110428,Temporary,Anchialine,Central,HA_Kaloko_062,NO3,mg/l      ,Surface,PACNEPSC,NA,0,0,3,1.0853,0.005980803
KAHO,4/28/2011,2011.375,2011,0.375,TKAHO0620110428,Temporary,Anchialine,Central,HA_Kaloko_062,TDN,mg/l      ,Surface,PACNEPSC,NA,0,0,3,1.1605,0.02594841
KAHO,4/28/2011,2011.375,2011,0.375,TKAHO0620110428,Temporary,Anchialine,Central,HA_Kaloko_062,TDP,mg/l      ,Surface,PACNEPSC,NA,0,0,3,0.117066667,0.025076151
KAHO,4/28/2011,2011.375,2011,0.375,TKAHO0720110428,Temporary,Anchialine,Central,HA_Kaloko_066,NO3,mg/l      ,Surface,PACNEPSC,NA,0,0,3,1.010066667,0.004085748
KAHO,4/28/2011,2011.375,2011,0.375,TKAHO0720110428,Temporary,Anchialine,Central,HA_Kaloko_066,TDN,mg/l      ,Surface,PACNEPSC,NA,0,0,3,1.0722,0.019107067
KAHO,4/28/2011,2011.375,2011,0.375,TKAHO0720110428,Temporary,Anchialine,Central,HA_Kaloko_066,TDP,mg/l      ,Surface,PACNEPSC,NA,0,0,3,0.101433333,0.005407711
KAHO,8/12/2011,2011.625,2011,0.625,FKAHO01_ap,Fixed,Anchialine,Central,HA_Kaloko_005,NO3,mg/l      ,Surface,PACNEPSC,NA,0,0,3,0.611866667,0.12428698
KAHO,8/12/2011,2011.625,2011,0.625,FKAHO01_ap,Fixed,Anchialine,Central,HA_Kaloko_005,TDN,mg/l      ,Surface,PACNEPSC,NA,0,0,3,0.656166667,0.137904399
KAHO,8/12/2011,2011.625,2011,0.625,FKAHO01_ap,Fixed,Anchialine,Central,HA_Kaloko_005,TDP,mg/l      ,Surface,PACNEPSC,NA,0,0,3,0.081866667,0.013122627
KAHO,8/12/2011,2011.625,2011,0.625,FKAHO02_ap,Fixed,Anchialine,Central,HA_Kaloko_016,NO3,mg/l      ,Surface,PACNEPSC,NA,0,0,3,0.767133333,0.233194047
KAHO,8/12/2011,2011.625,2011,0.625,FKAHO02_ap,Fixed,Anchialine,Central,HA_Kaloko_016,TDN,mg/l      ,Surface,PACNEPSC,NA,0,0,3,0.840166667,0.252548141
KAHO,8/12/2011,2011.625,2011,0.625,FKAHO02_ap,Fixed,Anchialine,Central,HA_Kaloko_016,TDP,mg/l      ,Surface,PACNEPSC,NA,0,0,3,0.104766667,0.013357145
KAHO,8/12/2011,2011.625,2011,0.625,TKAHO0120110812,Temporary,Anchialine,Central,HA_Honoko_029,NO3,mg/l      ,Surface,PACNEPSC,NA,0,0,3,0.529766667,0.150028142
KAHO,8/12/2011,2011.625,2011,0.625,TKAHO0120110812,Temporary,Anchialine,Central,HA_Honoko_029,TDN,mg/l      ,Surface,PACNEPSC,NA,0,0,3,0.5483,0.173649043
KAHO,8/12/2011,2011.625,2011,0.625,TKAHO0120110812,Temporary,Anchialine,Central,HA_Honoko_029,TDP,mg/l      ,Surface,PACNEPSC,NA,0,0,3,0.0804,0.005156549
KAHO,8/12/2011,2011.625,2011,0.625,TKAHO0220110812,Temporary,Anchialine,Central,HA_Kaloko_007,NO3,mg/l      ,Surface,PACNEPSC,NA,0,0,3,0.432933333,0.070865107
KAHO,8/12/2011,2011.625,2011,0.625,TKAHO0220110812,Temporary,Anchialine,Central,HA_Kaloko_007,TDN,mg/l      ,Surface,PACNEPSC,NA,0,0,3,0.5756,0.091600164
KAHO,8/12/2011,2011.625,2011,0.625,TKAHO0220110812,Temporary,Anchialine,Central,HA_Kaloko_007,TDP,mg/l      ,Surface,PACNEPSC,NA,0,0,3,0.069066667,0.009419306
KAHO,8/12/2011,2011.625,2011,0.625,TKAHO0320110812,Temporary,Anchialine,Central,HA_Kaloko_009,NO3,mg/l      ,Surface,PACNEPSC,NA,0,0,3,0.670633333,0.053299187
KAHO,8/12/2011,2011.625,2011,0.625,TKAHO0320110812,Temporary,Anchialine,Central,HA_Kaloko_009,TDN,mg/l      ,Surface,PACNEPSC,NA,0,0,3,0.714466667,0.077994252
KAHO,8/12/2011,2011.625,2011,0.625,TKAHO0320110812,Temporary,Anchialine,Central,HA_Kaloko_009,TDP,mg/l      ,Surface,PACNEPSC,NA,0,0,3,0.083633333,0.006870468
KAHO,8/12/2011,2011.625,2011,0.625,TKAHO0420110812,Temporary,Anchialine,Central,HA_Kaloko_011,NO3,mg/l      ,Surface,PACNEPSC,NA,0,0,3,0.961633333,0.154021763
KAHO,8/12/2011,2011.625,2011,0.625,TKAHO0420110812,Temporary,Anchialine,Central,HA_Kaloko_011,TDN,mg/l      ,Surface,PACNEPSC,NA,0,0,3,1.070566667,0.162601025
KAHO,8/12/2011,2011.625,2011,0.625,TKAHO0420110812,Temporary,Anchialine,Central,HA_Kaloko_011,TDP,mg/l      ,Surface,PACNEPSC,NA,0,0,3,0.099166667,0.00824702
KAHO,10/27/2011,2011.875,2011,0.875,FKAHO01_ap,Fixed,Anchialine,Central,HA_Kaloko_005,NO3,mg/l      ,Surface,PACNEPSC,NA,0,0,3,0.727366667,0.276050002
KAHO,10/27/2011,2011.875,2011,0.875,FKAHO01_ap,Fixed,Anchialine,Central,HA_Kaloko_005,TDN,mg/l      ,Surface,PACNEPSC,NA,0,0,3,0.789533333,0.298548109
KAHO,10/27/2011,2011.875,2011,0.875,FKAHO01_ap,Fixed,Anchialine,Central,HA_Kaloko_005,TDP,mg/l      ,Surface,PACNEPSC,NA,0,0,3,0.0825,0.013318033
KAHO,10/27/2011,2011.875,2011,0.875,TKAHO0120111027,Temporary,Anchialine,Central,HA_Kaloko_046,NO3,mg/l      ,Surface,PACNEPSC,NA,0,0,3,0.9574,0.007901899
KAHO,10/27/2011,2011.875,2011,0.875,TKAHO0120111027,Temporary,Anchialine,Central,HA_Kaloko_046,TDN,mg/l      ,Surface,PACNEPSC,NA,0,0,3,1.1062,0.010488565
KAHO,10/27/2011,2011.875,2011,0.875,TKAHO0120111027,Temporary,Anchialine,Central,HA_Kaloko_046,TDP,mg/l      ,Surface,PACNEPSC,NA,0,0,3,0.102133333,0.001715615
KAHO,10/27/2011,2011.875,2011,0.875,TKAHO0220111027,Temporary,Anchialine,Central,HA_Kaloko_050,NO3,mg/l      ,Surface,PACNEPSC,NA,0,0,3,1.076166667,0.155163086
KAHO,10/27/2011,2011.875,2011,0.875,TKAHO0220111027,Temporary,Anchialine,Central,HA_Kaloko_050,TDN,mg/l      ,Surface,PACNEPSC,NA,0,0,3,1.2743,0.244792484
KAHO,10/27/2011,2011.875,2011,0.875,TKAHO0220111027,Temporary,Anchialine,Central,HA_Kaloko_050,TDP,mg/l      ,Surface,PACNEPSC,NA,0,0,3,0.120766667,0.010416493
KAHO,2/13/2012,2012.125,2012,0.125,FKAHO01_ap,Fixed,Anchialine,Central,HA_Kaloko_005,NO3,mg/l      ,Surface,PACNEPSC,NA,0,0,3,0.918833333,0.041514495
KAHO,2/13/2012,2012.125,2012,0.125,FKAHO01_ap,Fixed,Anchialine,Central,HA_Kaloko_005,TDN,mg/l      ,Surface,PACNEPSC,NA,0,0,3,1.074933333,0.002411086
KAHO,2/13/2012,2012.125,2012,0.125,FKAHO01_ap,Fixed,Anchialine,Central,HA_Kaloko_005,TDP,mg/l      ,Surface,PACNEPSC,NA,0,0,3,0.096133333,0.002665208
KAHO,2/13/2012,2012.125,2012,0.125,FKAHO02_ap,Fixed,Anchialine,Central,HA_Kaloko_016,NO3,mg/l      ,Surface,PACNEPSC,NA,0,0,3,1.078233333,0.050949223
KAHO,2/13/2012,2012.125,2012,0.125,FKAHO02_ap,Fixed,Anchialine,Central,HA_Kaloko_016,TDN,mg/l      ,Surface,PACNEPSC,NA,0,0,3,1.228,0.043955318
KAHO,2/13/2012,2012.125,2012,0.125,FKAHO02_ap,Fixed,Anchialine,Central,HA_Kaloko_016,TDP,mg/l      ,Surface,PACNEPSC,NA,0,0,3,0.122666667,4.04E-04
KAHO,2/13/2012,2012.125,2012,0.125,TKAHO0120120213,Temporary,Anchialine,Central,HA_Kaloko_053F,NO3,mg/l      ,Surface,PACNEPSC,NA,0,0,3,1.0978,0.087779326
KAHO,2/13/2012,2012.125,2012,0.125,TKAHO0120120213,Temporary,Anchialine,Central,HA_Kaloko_053F,TDN,mg/l      ,Surface,PACNEPSC,NA,0,0,3,1.2093,0.115359785
KAHO,2/13/2012,2012.125,2012,0.125,TKAHO0120120213,Temporary,Anchialine,Central,HA_Kaloko_053F,TDP,mg/l      ,Surface,PACNEPSC,NA,0,0,3,0.106633333,0.006401042
KAHO,2/13/2012,2012.125,2012,0.125,TKAHO0320120213,Temporary,Anchialine,Central,HA_Kaloko_013,NO3,mg/l      ,Surface,PACNEPSC,NA,0,0,3,1.1469,0.009014988
KAHO,2/13/2012,2012.125,2012,0.125,TKAHO0320120213,Temporary,Anchialine,Central,HA_Kaloko_013,TDN,mg/l      ,Surface,PACNEPSC,NA,0,0,3,1.2565,0.016566231
KAHO,2/13/2012,2012.125,2012,0.125,TKAHO0320120213,Temporary,Anchialine,Central,HA_Kaloko_013,TDP,mg/l      ,Surface,PACNEPSC,NA,0,0,3,0.109233333,0.003010537
KAHO,4/20/2012,2012.375,2012,0.375,FKAHO01_ap,Fixed,Anchialine,Central,HA_Kaloko_005,NO3,mg/l      ,Surface,PACNEPSC,NA,0,0,3,0.795033333,0.175845851
KAHO,4/20/2012,2012.375,2012,0.375,FKAHO01_ap,Fixed,Anchialine,Central,HA_Kaloko_005,TDN,mg/l      ,Surface,PACNEPSC,NA,0,0,3,0.7958,0.160718667
KAHO,4/20/2012,2012.375,2012,0.375,FKAHO01_ap,Fixed,Anchialine,Central,HA_Kaloko_005,TDP,mg/l      ,Surface,PACNEPSC,NA,0,0,3,0.083533333,0.008367995
KAHO,4/20/2012,2012.375,2012,0.375,FKAHO02_ap,Fixed,Anchialine,Central,HA_Kaloko_016,NO3,mg/l      ,Surface,PACNEPSC,NA,0,0,3,1.138133333,0.039445448
KAHO,4/20/2012,2012.375,2012,0.375,FKAHO02_ap,Fixed,Anchialine,Central,HA_Kaloko_016,TDN,mg/l      ,Surface,PACNEPSC,NA,0,0,3,1.1465,0.050908447
KAHO,4/20/2012,2012.375,2012,0.375,FKAHO02_ap,Fixed,Anchialine,Central,HA_Kaloko_016,TDP,mg/l      ,Surface,PACNEPSC,NA,0,0,3,0.122066667,0.003693688
KAHO,4/20/2012,2012.375,2012,0.375,TKAHO0320120420,Temporary,Anchialine,Central,HA_Honoko_020,NO3,mg/l      ,Surface,PACNEPSC,NA,0,0,3,0.9181,0.147383717
KAHO,4/20/2012,2012.375,2012,0.375,TKAHO0320120420,Temporary,Anchialine,Central,HA_Honoko_020,TDN,mg/l      ,Surface,PACNEPSC,NA,0,0,3,1.046566667,0.151871141
KAHO,4/20/2012,2012.375,2012,0.375,TKAHO0320120420,Temporary,Anchialine,Central,HA_Honoko_020,TDP,mg/l      ,Surface,PACNEPSC,NA,0,0,3,0.1044,0.009109885
KAHO,4/20/2012,2012.375,2012,0.375,TKAHO0420120420,Temporary,Anchialine,Central,HA_Kaloko_032,NO3,mg/l      ,Surface,PACNEPSC,NA,0,0,3,0.8165,0.123518055
KAHO,4/20/2012,2012.375,2012,0.375,TKAHO0420120420,Temporary,Anchialine,Central,HA_Kaloko_032,TDN,mg/l      ,Surface,PACNEPSC,NA,0,0,3,1.027066667,0.055139218
KAHO,4/20/2012,2012.375,2012,0.375,TKAHO0420120420,Temporary,Anchialine,Central,HA_Kaloko_032,TDP,mg/l      ,Surface,PACNEPSC,NA,0,0,3,0.096133333,0.009707901
KAHO,9/17/2012,2012.625,2012,0.625,FKAHO01_ap,Fixed,Anchialine,Central,HA_Kaloko_005,NO3,mg/l      ,Surface,PACNEPSC,NA,0,0,3,0.825133333,0.076797548
KAHO,9/17/2012,2012.625,2012,0.625,FKAHO01_ap,Fixed,Anchialine,Central,HA_Kaloko_005,TDN,mg/l      ,Surface,PACNEPSC,NA,0,0,3,0.854933333,0.089975682
KAHO,9/17/2012,2012.625,2012,0.625,FKAHO01_ap,Fixed,Anchialine,Central,HA_Kaloko_005,TDP,mg/l      ,Surface,PACNEPSC,NA,0,0,3,0.103566667,0.002610236
KAHO,9/17/2012,2012.625,2012,0.625,FKAHO02_ap,Fixed,Anchialine,Central,HA_Kaloko_016,NO3,mg/l      ,Surface,PACNEPSC,NA,0,0,3,1.1897,0.00623859
KAHO,9/17/2012,2012.625,2012,0.625,FKAHO02_ap,Fixed,Anchialine,Central,HA_Kaloko_016,TDN,mg/l      ,Surface,PACNEPSC,NA,0,0,3,1.228166667,0.020751948
KAHO,9/17/2012,2012.625,2012,0.625,FKAHO02_ap,Fixed,Anchialine,Central,HA_Kaloko_016,TDP,mg/l      ,Surface,PACNEPSC,NA,0,0,3,0.132066667,0.001106044
KAHO,9/17/2012,2012.625,2012,0.625,TKAHO0320120917,Temporary,Anchialine,Central,HA_Kaloko_053H,NO3,mg/l      ,Surface,PACNEPSC,NA,0,0,3,1.352033333,0.10648593
KAHO,9/17/2012,2012.625,2012,0.625,TKAHO0320120917,Temporary,Anchialine,Central,HA_Kaloko_053H,TDN,mg/l      ,Surface,PACNEPSC,NA,0,0,3,1.408766667,0.09460451
KAHO,9/17/2012,2012.625,2012,0.625,TKAHO0320120917,Temporary,Anchialine,Central,HA_Kaloko_053H,TDP,mg/l      ,Surface,PACNEPSC,NA,0,0,3,0.1311,0.002426932
KAHO,9/17/2012,2012.625,2012,0.625,TKAHO0420120917,Temporary,Anchialine,Central,HA_Honoko_021,NO3,mg/l      ,Surface,PACNEPSC,NA,0,0,3,0.929666667,0.075625018
KAHO,9/17/2012,2012.625,2012,0.625,TKAHO0420120917,Temporary,Anchialine,Central,HA_Honoko_021,TDN,mg/l      ,Surface,PACNEPSC,NA,0,0,3,0.956333333,0.069309908
KAHO,9/17/2012,2012.625,2012,0.625,TKAHO0420120917,Temporary,Anchialine,Central,HA_Honoko_021,TDP,mg/l      ,Surface,PACNEPSC,NA,0,0,3,0.1012,0.002066398
KAHO,11/29/2012,2012.875,2012,0.875,FKAHO01_ap,Fixed,Anchialine,Central,HA_Kaloko_005,NO3,mg/l      ,Surface,PACNEPSC,NA,0,0,3,1.016533333,0.003647373
KAHO,11/29/2012,2012.875,2012,0.875,FKAHO01_ap,Fixed,Anchialine,Central,HA_Kaloko_005,TDN,mg/l      ,Surface,PACNEPSC,NA,0,0,3,1.085866667,0.025848469
KAHO,11/29/2012,2012.875,2012,0.875,FKAHO01_ap,Fixed,Anchialine,Central,HA_Kaloko_005,TDP,mg/l      ,Surface,PACNEPSC,NA,0,0,3,0.1041,0.005204805
KAHO,11/29/2012,2012.875,2012,0.875,FKAHO02_ap,Fixed,Anchialine,Central,HA_Kaloko_016,NO3,mg/l      ,Mid,PACNEPSC,NA,0,0,3,1.1837,0.025252525
KAHO,11/29/2012,2012.875,2012,0.875,FKAHO02_ap,Fixed,Anchialine,Central,HA_Kaloko_016,TDN,mg/l      ,Mid,PACNEPSC,NA,0,0,3,1.209566667,0.02080729
KAHO,11/29/2012,2012.875,2012,0.875,FKAHO02_ap,Fixed,Anchialine,Central,HA_Kaloko_016,TDP,mg/l      ,Mid,PACNEPSC,NA,0,0,3,0.128433333,0.001850225
KAHO,11/29/2012,2012.875,2012,0.875,TKAHO0120121129,Temporary,Anchialine,Central,HA_Kaloko_009,NO3,mg/l      ,Mid,PACNEPSC,NA,0,0,3,1.045166667,0.003585155
KAHO,11/29/2012,2012.875,2012,0.875,TKAHO0120121129,Temporary,Anchialine,Central,HA_Kaloko_009,TDN,mg/l      ,Mid,PACNEPSC,NA,0,0,3,1.070866667,0.028335549
KAHO,11/29/2012,2012.875,2012,0.875,TKAHO0120121129,Temporary,Anchialine,Central,HA_Kaloko_009,TDP,mg/l      ,Mid,PACNEPSC,NA,0,0,3,0.103566667,0.001537314
KAHO,11/29/2012,2012.875,2012,0.875,TKAHO0220121129,Temporary,Anchialine,Central,HA_Kaloko_012,NO3,mg/l      ,Surface,PACNEPSC,NA,0,0,3,1.0705,0.040690417
KAHO,11/29/2012,2012.875,2012,0.875,TKAHO0220121129,Temporary,Anchialine,Central,HA_Kaloko_012,TDN,mg/l      ,Surface,PACNEPSC,NA,0,0,3,1.098,0.015777199
KAHO,11/29/2012,2012.875,2012,0.875,TKAHO0220121129,Temporary,Anchialine,Central,HA_Kaloko_012,TDP,mg/l      ,Surface,PACNEPSC,NA,0,0,3,0.109366667,0.003693688
KAHO,11/29/2012,2012.875,2012,0.875,TKAHO0320121129,Temporary,Anchialine,Central,HA_Kaloko_053A,NO3,mg/l      ,Mid,PACNEPSC,NA,0,0,3,0.963133333,0.163009335
KAHO,11/29/2012,2012.875,2012,0.875,TKAHO0320121129,Temporary,Anchialine,Central,HA_Kaloko_053A,TDN,mg/l      ,Mid,PACNEPSC,NA,0,0,3,1.044266667,0.071323582
KAHO,11/29/2012,2012.875,2012,0.875,TKAHO0320121129,Temporary,Anchialine,Central,HA_Kaloko_053A,TDP,mg/l      ,Mid,PACNEPSC,NA,0,0,3,0.1076,0.003675595
KAHO,4/25/2013,2013.375,2013,0.375,FKAHO01_ap,Fixed,Anchialine,Central,HA_Kaloko_005,NO3,mg/l      ,Surface,PACNEPSC,NA,0,0,3,0.883866667,0.239764475
KAHO,4/25/2013,2013.375,2013,0.375,FKAHO01_ap,Fixed,Anchialine,Central,HA_Kaloko_005,TDN,mg/l      ,Surface,PACNEPSC,NA,0,0,3,0.9823,0.312410803
KAHO,4/25/2013,2013.375,2013,0.375,FKAHO01_ap,Fixed,Anchialine,Central,HA_Kaloko_005,TDP,mg/l      ,Surface,PACNEPSC,NA,0,0,3,0.093366667,0.018824541
KAHO,4/25/2013,2013.375,2013,0.375,FKAHO02_ap,Fixed,Anchialine,Central,HA_Kaloko_016,NO3,mg/l      ,Surface,PACNEPSC,NA,0,0,3,1.187033333,0.014100118
KAHO,4/25/2013,2013.375,2013,0.375,FKAHO02_ap,Fixed,Anchialine,Central,HA_Kaloko_016,TDN,mg/l      ,Surface,PACNEPSC,NA,0,0,3,1.272133333,0.02450925
KAHO,4/25/2013,2013.375,2013,0.375,FKAHO02_ap,Fixed,Anchialine,Central,HA_Kaloko_016,TDP,mg/l      ,Surface,PACNEPSC,NA,0,0,3,0.125966667,0.002020726
KAHO,4/25/2013,2013.375,2013,0.375,TKAHO0420130425,Temporary,Anchialine,Central,HA_Kaloko_013,NO3,mg/l      ,Surface,PACNEPSC,NA,0,0,3,1.2185,0.072188157
KAHO,4/25/2013,2013.375,2013,0.375,TKAHO0420130425,Temporary,Anchialine,Central,HA_Kaloko_013,TDN,mg/l      ,Surface,PACNEPSC,NA,0,0,3,1.3166,0.108553075
KAHO,4/25/2013,2013.375,2013,0.375,TKAHO0420130425,Temporary,Anchialine,Central,HA_Kaloko_013,TDP,mg/l      ,Surface,PACNEPSC,NA,0,0,3,0.153633333,0.020145802
KAHO,4/25/2013,2013.375,2013,0.375,TKAHO0820130425,Temporary,Anchialine,Central,HA_Kaloko_009,NO3,mg/l      ,Surface,PACNEPSC,NA,0,0,3,0.7599,0.295414556
KAHO,4/25/2013,2013.375,2013,0.375,TKAHO0820130425,Temporary,Anchialine,Central,HA_Kaloko_009,TDN,mg/l      ,Surface,PACNEPSC,NA,0,0,3,0.775166667,0.306475551
KAHO,4/25/2013,2013.375,2013,0.375,TKAHO0820130425,Temporary,Anchialine,Central,HA_Kaloko_009,TDP,mg/l      ,Surface,PACNEPSC,NA,0,0,3,0.091266667,0.019865129
KAHO,6/13/2013,2013.375,2013,0.375,FKAHO01_ap,Fixed,Anchialine,Central,HA_Kaloko_005,NO3,mg/l      ,Surface,PACNEPSC,NA,0,0,3,0.9384,0.113301192
KAHO,6/13/2013,2013.375,2013,0.375,FKAHO01_ap,Fixed,Anchialine,Central,HA_Kaloko_005,TDN,mg/l      ,Surface,PACNEPSC,NA,0,0,3,1.039633333,0.115527587
KAHO,6/13/2013,2013.375,2013,0.375,FKAHO01_ap,Fixed,Anchialine,Central,HA_Kaloko_005,TDP,mg/l      ,Surface,PACNEPSC,NA,0,0,3,0.1172,0.009877247
KAHO,6/13/2013,2013.375,2013,0.375,FKAHO02_ap,Fixed,Anchialine,Central,HA_Kaloko_016,NO3,mg/l      ,Surface,PACNEPSC,NA,0,0,3,1.176633333,0.081485725
KAHO,6/13/2013,2013.375,2013,0.375,FKAHO02_ap,Fixed,Anchialine,Central,HA_Kaloko_016,TDN,mg/l      ,Surface,PACNEPSC,NA,0,0,3,1.242066667,0.080556336
KAHO,6/13/2013,2013.375,2013,0.375,FKAHO02_ap,Fixed,Anchialine,Central,HA_Kaloko_016,TDP,mg/l      ,Surface,PACNEPSC,NA,0,0,3,0.1401,0.008501765
KAHO,6/13/2013,2013.375,2013,0.375,TKAHO0920130613,Temporary,Anchialine,Central,HA_Honoko_020,NO3,mg/l      ,Surface,PACNEPSC,NA,0,0,3,1.032033333,0.019601616
KAHO,6/13/2013,2013.375,2013,0.375,TKAHO0920130613,Temporary,Anchialine,Central,HA_Honoko_020,TDN,mg/l      ,Surface,PACNEPSC,NA,0,0,3,1.127566667,0.009473296
KAHO,6/13/2013,2013.375,2013,0.375,TKAHO0920130613,Temporary,Anchialine,Central,HA_Honoko_020,TDP,mg/l      ,Surface,PACNEPSC,NA,0,0,3,0.125033333,0.001096966
KAHO,6/13/2013,2013.375,2013,0.375,TKAHO1120130613,Temporary,Anchialine,Central,HA_Kaloko_053H,NO3,mg/l      ,Surface,PACNEPSC,NA,0,0,3,1.298966667,0.157756817
KAHO,6/13/2013,2013.375,2013,0.375,TKAHO1120130613,Temporary,Anchialine,Central,HA_Kaloko_053H,TDN,mg/l      ,Surface,PACNEPSC,NA,0,0,3,1.328833333,0.164834503
KAHO,6/13/2013,2013.375,2013,0.375,TKAHO1120130613,Temporary,Anchialine,Central,HA_Kaloko_053H,TDP,mg/l      ,Surface,PACNEPSC,NA,0,0,3,0.129666667,0.007088253
KAHO,9/19/2013,2013.625,2013,0.625,FKAHO01_ap,Fixed,Anchialine,Central,HA_Kaloko_005,NO3,mg/l      ,Surface,PACNEPSC,NA,0,0,6,0.978833333,0.031809412
KAHO,9/19/2013,2013.625,2013,0.625,FKAHO01_ap,Fixed,Anchialine,Central,HA_Kaloko_005,TDN,mg/l      ,Surface,PACNEPSC,NA,0,0,3,1.145766667,0.161825595
KAHO,9/19/2013,2013.625,2013,0.625,FKAHO01_ap,Fixed,Anchialine,Central,HA_Kaloko_005,TDP,mg/l      ,Surface,PACNEPSC,NA,0,0,3,0.097366667,0.003189566
KAHO,9/19/2013,2013.625,2013,0.625,FKAHO01_ap,Fixed,Anchialine,Central,HA_Kaloko_005,TN,mg/l      ,Surface,PACNEPSC,NA,0,0,3,1.093033333,0.047221005
KAHO,9/19/2013,2013.625,2013,0.625,FKAHO01_ap,Fixed,Anchialine,Central,HA_Kaloko_005,TP,mg/l      ,Surface,PACNEPSC,NA,0,0,3,0.113466667,0.011651752
KAHO,9/19/2013,2013.625,2013,0.625,FKAHO02_ap,Fixed,Anchialine,Central,HA_Kaloko_016,NO3,mg/l      ,Surface,PACNEPSC,NA,0,0,6,1.24015,0.024908533
KAHO,9/19/2013,2013.625,2013,0.625,FKAHO02_ap,Fixed,Anchialine,Central,HA_Kaloko_016,TDN,mg/l      ,Surface,PACNEPSC,NA,0,0,3,1.4455,0.070103424
KAHO,9/19/2013,2013.625,2013,0.625,FKAHO02_ap,Fixed,Anchialine,Central,HA_Kaloko_016,TDP,mg/l      ,Surface,PACNEPSC,NA,0,0,3,0.128733333,0.01903847
KAHO,9/19/2013,2013.625,2013,0.625,FKAHO02_ap,Fixed,Anchialine,Central,HA_Kaloko_016,TN,mg/l      ,Surface,PACNEPSC,NA,0,0,3,1.327433333,0.0367511
KAHO,9/19/2013,2013.625,2013,0.625,FKAHO02_ap,Fixed,Anchialine,Central,HA_Kaloko_016,TP,mg/l      ,Surface,PACNEPSC,NA,0,0,3,0.132766667,0.002494661
KAHO,9/19/2013,2013.625,2013,0.625,TKAHO0120130919,Temporary,Anchialine,Central,HA_Kaloko_011,NO3,mg/l      ,Surface,PACNEPSC,NA,0,0,3,1.2377,0.141681897
KAHO,9/19/2013,2013.625,2013,0.625,TKAHO0120130919,Temporary,Anchialine,Central,HA_Kaloko_011,TDN,mg/l      ,Surface,PACNEPSC,NA,0,0,3,1.3511,0.173273426
KAHO,9/19/2013,2013.625,2013,0.625,TKAHO0120130919,Temporary,Anchialine,Central,HA_Kaloko_011,TDP,mg/l      ,Surface,PACNEPSC,NA,0,0,3,0.127733333,0.019239629
KAHO,9/19/2013,2013.625,2013,0.625,TKAHO0220130919,Temporary,Anchialine,Central,HA_Kaloko_012,NO3,mg/l      ,Surface,PACNEPSC,NA,0,0,3,1.155333333,0.006288349
KAHO,9/19/2013,2013.625,2013,0.625,TKAHO0220130919,Temporary,Anchialine,Central,HA_Kaloko_012,TDN,mg/l      ,Surface,PACNEPSC,NA,0,0,3,1.277966667,0.024455947
KAHO,9/19/2013,2013.625,2013,0.625,TKAHO0220130919,Temporary,Anchialine,Central,HA_Kaloko_012,TDP,mg/l      ,Surface,PACNEPSC,NA,0,0,3,0.128733333,0.030698751
KAHO,9/19/2013,2013.625,2013,0.625,TKAHO0320130919,Temporary,Anchialine,Central,HA_Kaloko_009,NO3,mg/l      ,Surface,PACNEPSC,NA,0,0,3,0.350266667,0.012307044
KAHO,9/19/2013,2013.625,2013,0.625,TKAHO0320130919,Temporary,Anchialine,Central,HA_Kaloko_009,TDN,mg/l      ,Surface,PACNEPSC,NA,0,0,3,0.7109,0.022640451
KAHO,9/19/2013,2013.625,2013,0.625,TKAHO0320130919,Temporary,Anchialine,Central,HA_Kaloko_009,TDP,mg/l      ,Surface,PACNEPSC,NA,0,0,3,0.095866667,0.023462807
KAHO,9/19/2013,2013.625,2013,0.625,TKAHO0420130919,Temporary,Anchialine,Central,HA_Kaloko_009,NO3,mg/l      ,Surface,PACNEPSC,NA,0,0,3,1.0264,0.005797413
KAHO,9/19/2013,2013.625,2013,0.625,TKAHO0420130919,Temporary,Anchialine,Central,HA_Kaloko_009,TDN,mg/l      ,Surface,PACNEPSC,NA,0,0,3,1.1226,0.018915338
KAHO,9/19/2013,2013.625,2013,0.625,TKAHO0420130919,Temporary,Anchialine,Central,HA_Kaloko_009,TDP,mg/l      ,Surface,PACNEPSC,NA,0,0,3,0.094766667,0.006365794
KAHO,11/18/2013,2013.875,2013,0.875,FKAHO01_ap,Fixed,Anchialine,Central,HA_Kaloko_005,NO3,mg/l      ,Surface,PACNEPSC,NA,0,0,3,0.930933333,0.103006278
KAHO,11/18/2013,2013.875,2013,0.875,FKAHO01_ap,Fixed,Anchialine,Central,HA_Kaloko_005,TDN,mg/l      ,Surface,PACNEPSC,NA,0,0,3,1.008066667,0.084256058
KAHO,11/18/2013,2013.875,2013,0.875,FKAHO01_ap,Fixed,Anchialine,Central,HA_Kaloko_005,TDP,mg/l      ,Surface,PACNEPSC,NA,0,0,3,0.0995,0.006383573
KAHO,11/18/2013,2013.875,2013,0.875,FKAHO01_ap,Fixed,Anchialine,Central,HA_Kaloko_005,TN,mg/l      ,Surface,PACNEPSC,NA,0,0,3,1.0973,0.017051979
KAHO,11/18/2013,2013.875,2013,0.875,FKAHO01_ap,Fixed,Anchialine,Central,HA_Kaloko_005,TP,mg/l      ,Surface,PACNEPSC,NA,0,0,3,0.109,0.016462078
KAHO,11/18/2013,2013.875,2013,0.875,FKAHO02_ap,Fixed,Anchialine,Central,HA_Kaloko_016,NO3,mg/l      ,Surface,PACNEPSC,NA,0,0,3,1.0523,0.220041428
KAHO,11/18/2013,2013.875,2013,0.875,FKAHO02_ap,Fixed,Anchialine,Central,HA_Kaloko_016,TDN,mg/l      ,Surface,PACNEPSC,NA,0,0,3,1.1374,0.206455007
KAHO,11/18/2013,2013.875,2013,0.875,FKAHO02_ap,Fixed,Anchialine,Central,HA_Kaloko_016,TDP,mg/l      ,Surface,PACNEPSC,NA,0,0,3,0.118966667,0.005253887
KAHO,11/18/2013,2013.875,2013,0.875,FKAHO02_ap,Fixed,Anchialine,Central,HA_Kaloko_016,TN,mg/l      ,Surface,PACNEPSC,NA,0,0,3,1.2588,0.056272196
KAHO,11/18/2013,2013.875,2013,0.875,FKAHO02_ap,Fixed,Anchialine,Central,HA_Kaloko_016,TP,mg/l      ,Surface,PACNEPSC,NA,0,0,3,0.116366667,0.005357549
KAHO,11/18/2013,2013.875,2013,0.875,TKAHO0320131118,Temporary,Anchialine,Central,HA_Kaloko_046,NO3,mg/l      ,Surface,PACNEPSC,NA,0,0,3,0.997666667,0.00676486
KAHO,11/18/2013,2013.875,2013,0.875,TKAHO0320131118,Temporary,Anchialine,Central,HA_Kaloko_046,TDN,mg/l      ,Surface,PACNEPSC,NA,0,0,3,1.129133333,0.018122178
KAHO,11/18/2013,2013.875,2013,0.875,TKAHO0320131118,Temporary,Anchialine,Central,HA_Kaloko_046,TDP,mg/l      ,Surface,PACNEPSC,NA,0,0,3,0.103066667,0.001429452
KAHO,11/18/2013,2013.875,2013,0.875,TKAHO0320131118,Temporary,Anchialine,Central,HA_Kaloko_046,TN,mg/l      ,Surface,PACNEPSC,NA,0,0,3,0.970766667,0.123425173
KAHO,11/18/2013,2013.875,2013,0.875,TKAHO0320131118,Temporary,Anchialine,Central,HA_Kaloko_046,TP,mg/l      ,Surface,PACNEPSC,NA,0,0,3,0.084666667,0.003579572
KAHO,11/18/2013,2013.875,2013,0.875,TKAHO0420131118,Temporary,Anchialine,Central,HA_Kaloko_050,NO3,mg/l      ,Surface,PACNEPSC,NA,0,0,3,0.946566667,0.037829133
KAHO,11/18/2013,2013.875,2013,0.875,TKAHO0420131118,Temporary,Anchialine,Central,HA_Kaloko_050,TDN,mg/l      ,Surface,PACNEPSC,NA,0,0,3,1.0736,0.033733811
KAHO,11/18/2013,2013.875,2013,0.875,TKAHO0420131118,Temporary,Anchialine,Central,HA_Kaloko_050,TDP,mg/l      ,Surface,PACNEPSC,NA,0,0,3,0.1015,0.0028
KAHO,11/18/2013,2013.875,2013,0.875,TKAHO0420131118,Temporary,Anchialine,Central,HA_Kaloko_050,TN,mg/l      ,Surface,PACNEPSC,NA,0,0,3,1.091066667,0.092569775
KAHO,11/18/2013,2013.875,2013,0.875,TKAHO0420131118,Temporary,Anchialine,Central,HA_Kaloko_050,TP,mg/l      ,Surface,PACNEPSC,NA,0,0,3,0.082633333,0.00136504
KAHO,1/15/2014,2014.125,2014,0.125,FKAHO01_ap,Fixed,Anchialine,Central,HA_Kaloko_005,NO3,mg/l      ,Surface,PACNEPSC,NA,0,0,3,0.982666667,0.005131601
KAHO,1/15/2014,2014.125,2014,0.125,FKAHO01_ap,Fixed,Anchialine,Central,HA_Kaloko_005,TDN,mg/l      ,Surface,PACNEPSC,NA,0,0,3,1.155,0.011357817
KAHO,1/15/2014,2014.125,2014,0.125,FKAHO01_ap,Fixed,Anchialine,Central,HA_Kaloko_005,TDP,mg/l      ,Surface,PACNEPSC,NA,0,0,3,0.089,0.003
KAHO,1/15/2014,2014.125,2014,0.125,FKAHO01_ap,Fixed,Anchialine,Central,HA_Kaloko_005,TN,mg/l      ,Surface,PACNEPSC,NA,0,0,3,1.092666667,0.016802778
KAHO,1/15/2014,2014.125,2014,0.125,FKAHO01_ap,Fixed,Anchialine,Central,HA_Kaloko_005,TP,mg/l      ,Surface,PACNEPSC,NA,0,0,3,0.081333333,0.002081666
KAHO,1/15/2014,2014.125,2014,0.125,FKAHO02_ap,Fixed,Anchialine,Central,HA_Kaloko_016,NO3,mg/l      ,Surface,PACNEPSC,NA,0,0,3,1.147333333,0.019139836
KAHO,1/15/2014,2014.125,2014,0.125,FKAHO02_ap,Fixed,Anchialine,Central,HA_Kaloko_016,TDN,mg/l      ,Surface,PACNEPSC,NA,0,0,3,1.399,0.031480152
KAHO,1/15/2014,2014.125,2014,0.125,FKAHO02_ap,Fixed,Anchialine,Central,HA_Kaloko_016,TDP,mg/l      ,Surface,PACNEPSC,NA,0,0,3,0.110666667,0.001527525
KAHO,1/15/2014,2014.125,2014,0.125,FKAHO02_ap,Fixed,Anchialine,Central,HA_Kaloko_016,TN,mg/l      ,Surface,PACNEPSC,NA,0,0,3,1.246333333,0.118576276
KAHO,1/15/2014,2014.125,2014,0.125,FKAHO02_ap,Fixed,Anchialine,Central,HA_Kaloko_016,TP,mg/l      ,Surface,PACNEPSC,NA,0,0,3,0.104666667,0.00321455
KAHO,1/15/2014,2014.125,2014,0.125,TKAHO0220140115,Temporary,Anchialine,Central,HA_Kaloko_057F,NO3,mg/l      ,Surface,PACNEPSC,NA,0,0,3,0.973,0.067638746
KAHO,1/15/2014,2014.125,2014,0.125,TKAHO0220140115,Temporary,Anchialine,Central,HA_Kaloko_057F,TDN,mg/l      ,Surface,PACNEPSC,NA,0,0,3,1.105,0.104024036
KAHO,1/15/2014,2014.125,2014,0.125,TKAHO0220140115,Temporary,Anchialine,Central,HA_Kaloko_057F,TDP,mg/l      ,Surface,PACNEPSC,NA,0,0,3,0.090666667,0.00321455
KAHO,1/15/2014,2014.125,2014,0.125,TKAHO0220140115,Temporary,Anchialine,Central,HA_Kaloko_057F,TN,mg/l      ,Surface,PACNEPSC,NA,0,0,3,1.129,0.138697513
KAHO,1/15/2014,2014.125,2014,0.125,TKAHO0220140115,Temporary,Anchialine,Central,HA_Kaloko_057F,TP,mg/l      ,Surface,PACNEPSC,NA,0,0,3,0.089333333,0.012055428
KAHO,1/15/2014,2014.125,2014,0.125,TKAHO0320140115,Temporary,Anchialine,Central,HA_Honoko_020,NO3,mg/l      ,Surface,PACNEPSC,NA,0,0,3,1.076666667,0.035571524
KAHO,1/15/2014,2014.125,2014,0.125,TKAHO0320140115,Temporary,Anchialine,Central,HA_Honoko_020,TDN,mg/l      ,Surface,PACNEPSC,NA,0,0,3,1.192666667,0.066040392
KAHO,1/15/2014,2014.125,2014,0.125,TKAHO0320140115,Temporary,Anchialine,Central,HA_Honoko_020,TDP,mg/l      ,Surface,PACNEPSC,NA,0,0,3,0.107333333,0.010598742
KAHO,1/15/2014,2014.125,2014,0.125,TKAHO0320140115,Temporary,Anchialine,Central,HA_Honoko_020,TN,mg/l      ,Surface,PACNEPSC,NA,0,0,3,1.302333333,0.033080709
KAHO,1/15/2014,2014.125,2014,0.125,TKAHO0320140115,Temporary,Anchialine,Central,HA_Honoko_020,TP,mg/l      ,Surface,PACNEPSC,NA,0,0,3,0.092,0.001
KAHO,1/15/2014,2014.125,2014,0.125,TKAHO0420140115,Temporary,Anchialine,Central,HA_Kaloko_032,NO3,mg/l      ,Surface,PACNEPSC,NA,0,0,3,0.884666667,0.002081666
KAHO,1/15/2014,2014.125,2014,0.125,TKAHO0420140115,Temporary,Anchialine,Central,HA_Kaloko_032,TDN,mg/l      ,Surface,PACNEPSC,NA,0,0,3,1.146666667,0.058020111
KAHO,1/15/2014,2014.125,2014,0.125,TKAHO0420140115,Temporary,Anchialine,Central,HA_Kaloko_032,TDP,mg/l      ,Surface,PACNEPSC,NA,0,0,3,0.099666667,5.77E-04
KAHO,1/15/2014,2014.125,2014,0.125,TKAHO0420140115,Temporary,Anchialine,Central,HA_Kaloko_032,TN,mg/l      ,Surface,PACNEPSC,NA,0,0,3,1.099,0.153853827
KAHO,1/15/2014,2014.125,2014,0.125,TKAHO0420140115,Temporary,Anchialine,Central,HA_Kaloko_032,TP,mg/l      ,Surface,PACNEPSC,NA,0,0,3,0.093333333,0.00321455
KAHO,6/2/2014,2014.375,2014,0.375,FKAHO01_ap,Fixed,Anchialine,Central,HA_Kaloko_005,NO3,mg/l      ,Surface,PACNEPSC,NA,0,0,3,1.108666667,0.039513711
KAHO,6/2/2014,2014.375,2014,0.375,FKAHO01_ap,Fixed,Anchialine,Central,HA_Kaloko_005,TDN,mg/l      ,Surface,PACNEPSC,NA,0,0,6,1.155666667,0.041783569
KAHO,6/2/2014,2014.375,2014,0.375,FKAHO01_ap,Fixed,Anchialine,Central,HA_Kaloko_005,TDP,mg/l      ,Surface,PACNEPSC,NA,0,0,6,0.1055,0.005357238
KAHO,6/2/2014,2014.375,2014,0.375,FKAHO01_ap,Fixed,Anchialine,Central,HA_Kaloko_005,TN,mg/l      ,Surface,PACNEPSC,NA,0,0,3,1.150666667,0.052766782
KAHO,6/2/2014,2014.375,2014,0.375,FKAHO01_ap,Fixed,Anchialine,Central,HA_Kaloko_005,TP,mg/l      ,Surface,PACNEPSC,NA,0,0,3,0.110666667,0.002886751
KAHO,6/2/2014,2014.375,2014,0.375,FKAHO02_ap,Fixed,Anchialine,Central,HA_Kaloko_016,NO3,mg/l      ,Surface,PACNEPSC,NA,0,0,3,1.467666667,0.015275252
KAHO,6/2/2014,2014.375,2014,0.375,FKAHO02_ap,Fixed,Anchialine,Central,HA_Kaloko_016,TDN,mg/l      ,Surface,PACNEPSC,NA,0,0,6,1.537666667,0.071460945
KAHO,6/2/2014,2014.375,2014,0.375,FKAHO02_ap,Fixed,Anchialine,Central,HA_Kaloko_016,TDP,mg/l      ,Surface,PACNEPSC,NA,0,0,6,0.130333333,0.006377042
KAHO,6/2/2014,2014.375,2014,0.375,FKAHO02_ap,Fixed,Anchialine,Central,HA_Kaloko_016,TN,mg/l      ,Surface,PACNEPSC,NA,0,0,3,1.601666667,0.091106165
KAHO,6/2/2014,2014.375,2014,0.375,FKAHO02_ap,Fixed,Anchialine,Central,HA_Kaloko_016,TP,mg/l      ,Surface,PACNEPSC,NA,0,0,3,0.145333333,0.005686241
KAHO,6/2/2014,2014.375,2014,0.375,TKAHO0220140602,Temporary,Anchialine,Central,HA_Kaloko_053H,NO3,mg/l      ,Surface,PACNEPSC,NA,0,0,3,1.444333333,0.165572743
KAHO,6/2/2014,2014.375,2014,0.375,TKAHO0220140602,Temporary,Anchialine,Central,HA_Kaloko_053H,TDN,mg/l      ,Surface,PACNEPSC,NA,0,0,6,1.513833333,0.074660342
KAHO,6/2/2014,2014.375,2014,0.375,TKAHO0220140602,Temporary,Anchialine,Central,HA_Kaloko_053H,TDP,mg/l      ,Surface,PACNEPSC,NA,0,0,6,0.134333333,0.003983298
KAHO,6/2/2014,2014.375,2014,0.375,TKAHO0220140602,Temporary,Anchialine,Central,HA_Kaloko_053H,TN,mg/l      ,Surface,PACNEPSC,NA,0,0,3,1.558,0.071042241
KAHO,6/2/2014,2014.375,2014,0.375,TKAHO0220140602,Temporary,Anchialine,Central,HA_Kaloko_053H,TP,mg/l      ,Surface,PACNEPSC,NA,0,0,3,0.136666667,0.005773503
KAHO,8/28/2014,2014.625,2014,0.625,FKAHO01_ap,Fixed,Anchialine,Central,HA_Kaloko_005,NO3,mg/l      ,Surface,PACNEPSC,NA,0,0,3,1.111,0.022113344
KAHO,8/28/2014,2014.625,2014,0.625,FKAHO01_ap,Fixed,Anchialine,Central,HA_Kaloko_005,TDN,mg/l      ,Surface,PACNEPSC,NA,0,0,6,1.122333333,0.056909285
KAHO,8/28/2014,2014.625,2014,0.625,FKAHO01_ap,Fixed,Anchialine,Central,HA_Kaloko_005,TDP,mg/l      ,Surface,PACNEPSC,NA,0,0,6,0.102833333,0.00491596
KAHO,8/28/2014,2014.625,2014,0.625,FKAHO01_ap,Fixed,Anchialine,Central,HA_Kaloko_005,TN,mg/l      ,Surface,PACNEPSC,NA,0,0,3,1.393666667,0.015044379
KAHO,8/28/2014,2014.625,2014,0.625,FKAHO01_ap,Fixed,Anchialine,Central,HA_Kaloko_005,TP,mg/l      ,Surface,PACNEPSC,NA,0,0,3,0.104,0.003605551
KAHO,8/28/2014,2014.625,2014,0.625,FKAHO02_ap,Fixed,Anchialine,Central,HA_Kaloko_016,NO3,mg/l      ,Surface,PACNEPSC,NA,0,0,3,1.416333333,0.137405725
KAHO,8/28/2014,2014.625,2014,0.625,FKAHO02_ap,Fixed,Anchialine,Central,HA_Kaloko_016,TDN,mg/l      ,Surface,PACNEPSC,NA,0,0,6,1.369666667,0.137758726
KAHO,8/28/2014,2014.625,2014,0.625,FKAHO02_ap,Fixed,Anchialine,Central,HA_Kaloko_016,TDP,mg/l      ,Surface,PACNEPSC,NA,0,0,5,0.1286,0.009476286
KAHO,8/28/2014,2014.625,2014,0.625,FKAHO02_ap,Fixed,Anchialine,Central,HA_Kaloko_016,TDP,mg/l      ,Surface,PACNEPSC,NA,1,0,1,0.273,NA
KAHO,8/28/2014,2014.625,2014,0.625,FKAHO02_ap,Fixed,Anchialine,Central,HA_Kaloko_016,TN,mg/l      ,Surface,PACNEPSC,NA,0,0,3,1.597,0.238824203
KAHO,8/28/2014,2014.625,2014,0.625,FKAHO02_ap,Fixed,Anchialine,Central,HA_Kaloko_016,TP,mg/l      ,Surface,PACNEPSC,NA,0,0,3,0.131666667,0.006806859
KAHO,8/28/2014,2014.625,2014,0.625,TKAHO0220140828,Temporary,Anchialine,Central,HA_Kaloko_049,NO3,mg/l      ,Surface,PACNEPSC,NA,0,0,3,1.003,0.025059928
KAHO,8/28/2014,2014.625,2014,0.625,TKAHO0220140828,Temporary,Anchialine,Central,HA_Kaloko_049,TDN,mg/l      ,Surface,PACNEPSC,NA,0,0,6,0.996166667,0.035352039
KAHO,8/28/2014,2014.625,2014,0.625,TKAHO0220140828,Temporary,Anchialine,Central,HA_Kaloko_049,TDP,mg/l      ,Surface,PACNEPSC,NA,0,0,6,0.094,0.001264911
KAHO,8/28/2014,2014.625,2014,0.625,TKAHO0220140828,Temporary,Anchialine,Central,HA_Kaloko_049,TN,mg/l      ,Surface,PACNEPSC,NA,0,0,3,1.244333333,0.034559128
KAHO,8/28/2014,2014.625,2014,0.625,TKAHO0220140828,Temporary,Anchialine,Central,HA_Kaloko_049,TP,mg/l      ,Surface,PACNEPSC,NA,0,0,3,0.095333333,0.003511885
KAHO,8/28/2014,2014.625,2014,0.625,TKAHO0320140828,Temporary,Anchialine,Central,HA_Kaloko_013,NO3,mg/l      ,Surface,PACNEPSC,NA,0,0,3,1.370666667,0.075936377
KAHO,8/28/2014,2014.625,2014,0.625,TKAHO0320140828,Temporary,Anchialine,Central,HA_Kaloko_013,TDN,mg/l      ,Surface,PACNEPSC,NA,0,0,6,1.379166667,0.070660927
KAHO,8/28/2014,2014.625,2014,0.625,TKAHO0320140828,Temporary,Anchialine,Central,HA_Kaloko_013,TDP,mg/l      ,Surface,PACNEPSC,NA,0,0,6,0.116333333,0.003829708
KAHO,8/28/2014,2014.625,2014,0.625,TKAHO0320140828,Temporary,Anchialine,Central,HA_Kaloko_013,TN,mg/l      ,Surface,PACNEPSC,NA,0,0,3,1.677666667,0.180000926
KAHO,8/28/2014,2014.625,2014,0.625,TKAHO0320140828,Temporary,Anchialine,Central,HA_Kaloko_013,TP,mg/l      ,Surface,PACNEPSC,NA,0,0,3,0.121666667,0.00305505
KAHO,12/4/2014,2014.875,2014,0.875,FKAHO01_ap,Fixed,Anchialine,Central,HA_Kaloko_005,NO3,mg/l      ,Surface,PACNEPSC,NA,0,0,6,1.018416667,0.041648261
KAHO,12/4/2014,2014.875,2014,0.875,FKAHO01_ap,Fixed,Anchialine,Central,HA_Kaloko_005,TDN,mg/l      ,Surface,PACNEPSC,NA,0,0,3,1.0899,0.001276715
KAHO,12/4/2014,2014.875,2014,0.875,FKAHO01_ap,Fixed,Anchialine,Central,HA_Kaloko_005,TDP,mg/l      ,Surface,PACNEPSC,NA,0,0,3,0.103366667,0.001724336
KAHO,12/4/2014,2014.875,2014,0.875,FKAHO01_ap,Fixed,Anchialine,Central,HA_Kaloko_005,TN,mg/l      ,Surface,PACNEPSC,NA,0,0,3,1.0711,0.041269723
KAHO,12/4/2014,2014.875,2014,0.875,FKAHO01_ap,Fixed,Anchialine,Central,HA_Kaloko_005,TP,mg/l      ,Surface,PACNEPSC,NA,0,0,3,0.098933333,0.002554082
KAHO,12/4/2014,2014.875,2014,0.875,FKAHO02_ap,Fixed,Anchialine,Central,HA_Kaloko_016,NO3,mg/l      ,Surface,PACNEPSC,NA,0,0,6,1.291966667,0.121953937
KAHO,12/4/2014,2014.875,2014,0.875,FKAHO02_ap,Fixed,Anchialine,Central,HA_Kaloko_016,TDN,mg/l      ,Surface,PACNEPSC,NA,0,0,3,1.3718,0.239889224
KAHO,12/4/2014,2014.875,2014,0.875,FKAHO02_ap,Fixed,Anchialine,Central,HA_Kaloko_016,TDP,mg/l      ,Surface,PACNEPSC,NA,0,0,3,0.135066667,0.00440946
KAHO,12/4/2014,2014.875,2014,0.875,FKAHO02_ap,Fixed,Anchialine,Central,HA_Kaloko_016,TN,mg/l      ,Surface,PACNEPSC,NA,0,0,3,1.487666667,0.053217416
KAHO,12/4/2014,2014.875,2014,0.875,FKAHO02_ap,Fixed,Anchialine,Central,HA_Kaloko_016,TP,mg/l      ,Surface,PACNEPSC,NA,0,0,3,0.131333333,0.007534144
KAHO,12/4/2014,2014.875,2014,0.875,TKAHO0120141204,Temporary,Anchialine,Central,HA_Kaloko_011,NO3,mg/l      ,Surface,PACNEPSC,NA,0,0,6,1.179766667,0.187538387
KAHO,12/4/2014,2014.875,2014,0.875,TKAHO0120141204,Temporary,Anchialine,Central,HA_Kaloko_011,TDN,mg/l      ,Surface,PACNEPSC,NA,0,0,3,1.4053,0.030939942
KAHO,12/4/2014,2014.875,2014,0.875,TKAHO0120141204,Temporary,Anchialine,Central,HA_Kaloko_011,TDP,mg/l      ,Surface,PACNEPSC,NA,0,0,3,0.118933333,0.012500533
KAHO,12/4/2014,2014.875,2014,0.875,TKAHO0120141204,Temporary,Anchialine,Central,HA_Kaloko_011,TN,mg/l      ,Surface,PACNEPSC,NA,0,0,3,1.143033333,0.290068773
KAHO,12/4/2014,2014.875,2014,0.875,TKAHO0120141204,Temporary,Anchialine,Central,HA_Kaloko_011,TP,mg/l      ,Surface,PACNEPSC,NA,0,0,3,0.1048,0.024857192
KAHO,12/4/2014,2014.875,2014,0.875,TKAHO0220141204,Temporary,Anchialine,Central,HA_Kaloko_032,NO3,mg/l      ,Surface,PACNEPSC,NA,0,0,6,0.971466667,0.049212221
KAHO,12/4/2014,2014.875,2014,0.875,TKAHO0220141204,Temporary,Anchialine,Central,HA_Kaloko_032,TDN,mg/l      ,Surface,PACNEPSC,NA,0,0,3,1.096566667,0.051092987
KAHO,12/4/2014,2014.875,2014,0.875,TKAHO0220141204,Temporary,Anchialine,Central,HA_Kaloko_032,TDP,mg/l      ,Surface,PACNEPSC,NA,0,0,3,0.115,0.005450688
KAHO,12/4/2014,2014.875,2014,0.875,TKAHO0220141204,Temporary,Anchialine,Central,HA_Kaloko_032,TN,mg/l      ,Surface,PACNEPSC,NA,0,0,3,1.1115,0.030217379
KAHO,12/4/2014,2014.875,2014,0.875,TKAHO0220141204,Temporary,Anchialine,Central,HA_Kaloko_032,TP,mg/l      ,Surface,PACNEPSC,NA,0,0,3,0.120066667,0.001550269
KAHO,12/4/2014,2014.875,2014,0.875,TKAHO0320141204,Temporary,Anchialine,Central,HA_Kaloko_046,NO3,mg/l      ,Surface,PACNEPSC,NA,0,0,6,1.04465,0.008330366
KAHO,12/4/2014,2014.875,2014,0.875,TKAHO0320141204,Temporary,Anchialine,Central,HA_Kaloko_046,TDN,mg/l      ,Surface,PACNEPSC,NA,0,0,3,1.128433333,0.009996166
KAHO,12/4/2014,2014.875,2014,0.875,TKAHO0320141204,Temporary,Anchialine,Central,HA_Kaloko_046,TDP,mg/l      ,Surface,PACNEPSC,NA,0,0,3,0.109733333,0.01184286
KAHO,12/4/2014,2014.875,2014,0.875,TKAHO0320141204,Temporary,Anchialine,Central,HA_Kaloko_046,TN,mg/l      ,Surface,PACNEPSC,NA,0,0,3,1.114066667,0.008393648
KAHO,12/4/2014,2014.875,2014,0.875,TKAHO0320141204,Temporary,Anchialine,Central,HA_Kaloko_046,TP,mg/l      ,Surface,PACNEPSC,NA,0,0,3,0.104166667,0.007583095
KAHO,2/19/2015,2015.125,2015,0.125,FKAHO01_ap,Fixed,Anchialine,Central,HA_Kaloko_005,NO3,mg/l      ,Surface,PACNEPSC,NA,0,0,6,0.9426,0.014339456
KAHO,2/19/2015,2015.125,2015,0.125,FKAHO01_ap,Fixed,Anchialine,Central,HA_Kaloko_005,TDN,mg/l      ,Surface,PACNEPSC,NA,0,0,3,1.0696,0.021536945
KAHO,2/19/2015,2015.125,2015,0.125,FKAHO01_ap,Fixed,Anchialine,Central,HA_Kaloko_005,TDP,mg/l      ,Surface,PACNEPSC,NA,0,0,3,0.099633333,0.004037739
KAHO,2/19/2015,2015.125,2015,0.125,FKAHO01_ap,Fixed,Anchialine,Central,HA_Kaloko_005,TN,mg/l      ,Surface,PACNEPSC,NA,0,0,3,1.079866667,0.002532456
KAHO,2/19/2015,2015.125,2015,0.125,FKAHO01_ap,Fixed,Anchialine,Central,HA_Kaloko_005,TP,mg/l      ,Surface,PACNEPSC,NA,0,0,3,0.096133333,0.00273191
KAHO,2/19/2015,2015.125,2015,0.125,FKAHO02_ap,Fixed,Anchialine,Central,HA_Kaloko_016,NO3,mg/l      ,Surface,PACNEPSC,NA,0,0,6,1.235566667,0.003113626
KAHO,2/19/2015,2015.125,2015,0.125,FKAHO02_ap,Fixed,Anchialine,Central,HA_Kaloko_016,TDN,mg/l      ,Surface,PACNEPSC,NA,0,0,3,1.4574,0.026794776
KAHO,2/19/2015,2015.125,2015,0.125,FKAHO02_ap,Fixed,Anchialine,Central,HA_Kaloko_016,TDP,mg/l      ,Surface,PACNEPSC,NA,0,0,3,0.126066667,0.008544199
KAHO,2/19/2015,2015.125,2015,0.125,FKAHO02_ap,Fixed,Anchialine,Central,HA_Kaloko_016,TN,mg/l      ,Surface,PACNEPSC,NA,0,0,3,1.458366667,0.008717989
KAHO,2/19/2015,2015.125,2015,0.125,FKAHO02_ap,Fixed,Anchialine,Central,HA_Kaloko_016,TP,mg/l      ,Surface,PACNEPSC,NA,0,0,3,0.125033333,0.002311565
KAHO,2/19/2015,2015.125,2015,0.125,TKAHO0120150219,Temporary,Anchialine,Central,HA_Kaloko_046,NO3,mg/l      ,Surface,PACNEPSC,NA,0,0,6,0.99895,0.008362476
KAHO,2/19/2015,2015.125,2015,0.125,TKAHO0120150219,Temporary,Anchialine,Central,HA_Kaloko_046,TDN,mg/l      ,Surface,PACNEPSC,NA,0,0,3,1.1465,0.0091
KAHO,2/19/2015,2015.125,2015,0.125,TKAHO0120150219,Temporary,Anchialine,Central,HA_Kaloko_046,TDP,mg/l      ,Surface,PACNEPSC,NA,0,0,3,0.1015,0.003223352
KAHO,2/19/2015,2015.125,2015,0.125,TKAHO0120150219,Temporary,Anchialine,Central,HA_Kaloko_046,TN,mg/l      ,Surface,PACNEPSC,NA,0,0,3,1.146833333,0.00630661
KAHO,2/19/2015,2015.125,2015,0.125,TKAHO0120150219,Temporary,Anchialine,Central,HA_Kaloko_046,TP,mg/l      ,Surface,PACNEPSC,NA,0,0,3,0.1015,0.005129327
KAHO,6/30/2015,2015.375,2015,0.375,FKAHO01_ap,Fixed,Anchialine,Central,HA_Kaloko_005,NO3,mg/l      ,Surface,PACNEPSC,NA,0,0,3,0.996,0.005567764
KAHO,6/30/2015,2015.375,2015,0.375,FKAHO01_ap,Fixed,Anchialine,Central,HA_Kaloko_005,TDN,mg/l      ,Surface,PACNEPSC,NA,0,0,3,1.177,0.023
KAHO,6/30/2015,2015.375,2015,0.375,FKAHO01_ap,Fixed,Anchialine,Central,HA_Kaloko_005,TDP,mg/l      ,Surface,PACNEPSC,NA,0,0,3,0.098333333,5.77E-04
KAHO,6/30/2015,2015.375,2015,0.375,FKAHO01_ap,Fixed,Anchialine,Central,HA_Kaloko_005,TN,mg/l      ,Surface,PACNEPSC,NA,0,0,3,1.186333333,0.009073772
KAHO,6/30/2015,2015.375,2015,0.375,FKAHO01_ap,Fixed,Anchialine,Central,HA_Kaloko_005,TP,mg/l      ,Surface,PACNEPSC,NA,0,0,3,0.100333333,5.77E-04
KAHO,6/30/2015,2015.375,2015,0.375,FKAHO02_ap,Fixed,Anchialine,Central,HA_Kaloko_016,NO3,mg/l      ,Surface,PACNEPSC,NA,0,0,3,1.479333333,0.01761628
KAHO,6/30/2015,2015.375,2015,0.375,FKAHO02_ap,Fixed,Anchialine,Central,HA_Kaloko_016,TDN,mg/l      ,Surface,PACNEPSC,NA,0,0,3,1.532,0.031480152
KAHO,6/30/2015,2015.375,2015,0.375,FKAHO02_ap,Fixed,Anchialine,Central,HA_Kaloko_016,TDP,mg/l      ,Surface,PACNEPSC,NA,0,0,3,0.133,0.001
KAHO,6/30/2015,2015.375,2015,0.375,FKAHO02_ap,Fixed,Anchialine,Central,HA_Kaloko_016,TN,mg/l      ,Surface,PACNEPSC,NA,0,0,3,1.531666667,0.037527767
KAHO,6/30/2015,2015.375,2015,0.375,FKAHO02_ap,Fixed,Anchialine,Central,HA_Kaloko_016,TP,mg/l      ,Surface,PACNEPSC,NA,0,0,3,0.133333333,5.77E-04
KAHO,6/30/2015,2015.375,2015,0.375,TKAHO0320150630,Temporary,Anchialine,Central,HA_Kaloko_007,NO3,mg/l      ,Surface,PACNEPSC,NA,0,0,3,0.452333333,0.111724363
KAHO,6/30/2015,2015.375,2015,0.375,TKAHO0320150630,Temporary,Anchialine,Central,HA_Kaloko_007,TDN,mg/l      ,Surface,PACNEPSC,NA,0,0,3,0.825666667,0.063002645
KAHO,6/30/2015,2015.375,2015,0.375,TKAHO0320150630,Temporary,Anchialine,Central,HA_Kaloko_007,TDP,mg/l      ,Surface,PACNEPSC,NA,0,0,3,0.087,0.001732051
KAHO,6/30/2015,2015.375,2015,0.375,TKAHO0320150630,Temporary,Anchialine,Central,HA_Kaloko_007,TN,mg/l      ,Surface,PACNEPSC,NA,0,0,3,0.891333333,0.120790452
KAHO,6/30/2015,2015.375,2015,0.375,TKAHO0320150630,Temporary,Anchialine,Central,HA_Kaloko_007,TP,mg/l      ,Surface,PACNEPSC,NA,0,0,3,0.121,0.005
KAHO,6/30/2015,2015.375,2015,0.375,TKAHO0420150630,Temporary,Anchialine,Central,HA_Kaloko_032,NO3,mg/l      ,Surface,PACNEPSC,NA,0,0,3,0.476,0.112280898
KAHO,6/30/2015,2015.375,2015,0.375,TKAHO0420150630,Temporary,Anchialine,Central,HA_Kaloko_032,TDN,mg/l      ,Surface,PACNEPSC,NA,0,0,3,0.767666667,0.038798625
KAHO,6/30/2015,2015.375,2015,0.375,TKAHO0420150630,Temporary,Anchialine,Central,HA_Kaloko_032,TDP,mg/l      ,Surface,PACNEPSC,NA,0,0,3,0.113666667,0.006806859
KAHO,6/30/2015,2015.375,2015,0.375,TKAHO0420150630,Temporary,Anchialine,Central,HA_Kaloko_032,TN,mg/l      ,Surface,PACNEPSC,NA,0,0,3,0.862,0.024758837
KAHO,6/30/2015,2015.375,2015,0.375,TKAHO0420150630,Temporary,Anchialine,Central,HA_Kaloko_032,TP,mg/l      ,Surface,PACNEPSC,NA,0,0,3,0.137666667,0.005859465
KAHO,6/30/2015,2015.375,2015,0.375,TKAHO0520150630,Temporary,Anchialine,Central,HA_Kaloko_050,NO3,mg/l      ,Surface,PACNEPSC,NA,0,0,3,1.063333333,0.024501701
KAHO,6/30/2015,2015.375,2015,0.375,TKAHO0520150630,Temporary,Anchialine,Central,HA_Kaloko_050,TDN,mg/l      ,Surface,PACNEPSC,NA,0,0,3,1.256,0.02884441
KAHO,6/30/2015,2015.375,2015,0.375,TKAHO0520150630,Temporary,Anchialine,Central,HA_Kaloko_050,TDP,mg/l      ,Surface,PACNEPSC,NA,0,0,3,0.107333333,0.001527525
KAHO,6/30/2015,2015.375,2015,0.375,TKAHO0520150630,Temporary,Anchialine,Central,HA_Kaloko_050,TN,mg/l      ,Surface,PACNEPSC,NA,0,0,3,1.290666667,0.004041452
KAHO,6/30/2015,2015.375,2015,0.375,TKAHO0520150630,Temporary,Anchialine,Central,HA_Kaloko_050,TP,mg/l      ,Surface,PACNEPSC,NA,0,0,3,0.108,0.001732051
KAHO,9/1/2015,2015.625,2015,0.625,FKAHO01_ap,Fixed,Anchialine,Central,HA_Kaloko_005,NO3,mg/l      ,Surface,PACNEPSC,NA,0,0,3,0.996666667,0.072610835
KAHO,9/1/2015,2015.625,2015,0.625,FKAHO01_ap,Fixed,Anchialine,Central,HA_Kaloko_005,TDN,mg/l      ,Surface,PACNEPSC,NA,0,0,3,1.065,0.088096538
KAHO,9/1/2015,2015.625,2015,0.625,FKAHO01_ap,Fixed,Anchialine,Central,HA_Kaloko_005,TDP,mg/l      ,Surface,PACNEPSC,NA,0,0,3,0.099,0.005567764
KAHO,9/1/2015,2015.625,2015,0.625,FKAHO01_ap,Fixed,Anchialine,Central,HA_Kaloko_005,TN,mg/l      ,Surface,PACNEPSC,NA,0,0,3,1.128666667,0.066161419
KAHO,9/1/2015,2015.625,2015,0.625,FKAHO01_ap,Fixed,Anchialine,Central,HA_Kaloko_005,TP,mg/l      ,Surface,PACNEPSC,NA,0,0,3,0.104333333,0.004932883
KAHO,9/1/2015,2015.625,2015,0.625,FKAHO02_ap,Fixed,Anchialine,Central,HA_Kaloko_016,NO3,mg/l      ,Surface,PACNEPSC,NA,0,0,3,1.221333333,0.155876019
KAHO,9/1/2015,2015.625,2015,0.625,FKAHO02_ap,Fixed,Anchialine,Central,HA_Kaloko_016,TDN,mg/l      ,Surface,PACNEPSC,NA,0,0,3,1.457333333,0.056323471
KAHO,9/1/2015,2015.625,2015,0.625,FKAHO02_ap,Fixed,Anchialine,Central,HA_Kaloko_016,TDP,mg/l      ,Surface,PACNEPSC,NA,0,0,3,0.114666667,0.001527525
KAHO,9/1/2015,2015.625,2015,0.625,FKAHO02_ap,Fixed,Anchialine,Central,HA_Kaloko_016,TN,mg/l      ,Surface,PACNEPSC,NA,0,0,3,1.188,0.28046925
KAHO,9/1/2015,2015.625,2015,0.625,FKAHO02_ap,Fixed,Anchialine,Central,HA_Kaloko_016,TP,mg/l      ,Surface,PACNEPSC,NA,0,0,3,0.122666667,0.014153916
KAHO,9/1/2015,2015.625,2015,0.625,TKAHO0220150901,Temporary,Anchialine,Central,HA_Kaloko_066,NO3,mg/l      ,Surface,PACNEPSC,NA,0,0,3,1.009,0.013076697
KAHO,9/1/2015,2015.625,2015,0.625,TKAHO0220150901,Temporary,Anchialine,Central,HA_Kaloko_066,TDN,mg/l      ,Surface,PACNEPSC,NA,0,0,3,1.020666667,0.014571662
KAHO,9/1/2015,2015.625,2015,0.625,TKAHO0220150901,Temporary,Anchialine,Central,HA_Kaloko_066,TDP,mg/l      ,Surface,PACNEPSC,NA,0,0,3,0.095333333,0.002516611
KAHO,9/1/2015,2015.625,2015,0.625,TKAHO0220150901,Temporary,Anchialine,Central,HA_Kaloko_066,TN,mg/l      ,Surface,PACNEPSC,NA,0,0,3,1.043666667,0.019218047
KAHO,9/1/2015,2015.625,2015,0.625,TKAHO0220150901,Temporary,Anchialine,Central,HA_Kaloko_066,TP,mg/l      ,Surface,PACNEPSC,NA,0,0,3,0.097333333,5.77E-04
KAHO,9/1/2015,2015.625,2015,0.625,TKAHO0420150901,Temporary,Anchialine,Central,HA_Honoko_020,NO3,mg/l      ,Surface,PACNEPSC,NA,0,0,3,1.18,0.105787523
KAHO,9/1/2015,2015.625,2015,0.625,TKAHO0420150901,Temporary,Anchialine,Central,HA_Honoko_020,TDN,mg/l      ,Surface,PACNEPSC,NA,0,0,3,1.117666667,0.094044316
KAHO,9/1/2015,2015.625,2015,0.625,TKAHO0420150901,Temporary,Anchialine,Central,HA_Honoko_020,TDP,mg/l      ,Surface,PACNEPSC,NA,0,0,3,0.108333333,0.006658328
KAHO,9/1/2015,2015.625,2015,0.625,TKAHO0420150901,Temporary,Anchialine,Central,HA_Honoko_020,TN,mg/l      ,Surface,PACNEPSC,NA,0,0,3,1.022333333,0.307008686
KAHO,9/1/2015,2015.625,2015,0.625,TKAHO0420150901,Temporary,Anchialine,Central,HA_Honoko_020,TP,mg/l      ,Surface,PACNEPSC,NA,0,0,3,0.110666667,0.012701706
KAHO,12/9/2015,2015.875,2015,0.875,FKAHO01_ap,Fixed,Anchialine,Central,HA_Kaloko_005,NO3,mg/l      ,Surface,PACNEPSC,NA,0,0,3,1.21,0.008660254
KAHO,12/9/2015,2015.875,2015,0.875,FKAHO01_ap,Fixed,Anchialine,Central,HA_Kaloko_005,TDN,mg/l      ,Surface,PACNEPSC,NA,0,0,3,1.236333333,0.006658328
KAHO,12/9/2015,2015.875,2015,0.875,FKAHO01_ap,Fixed,Anchialine,Central,HA_Kaloko_005,TDP,mg/l      ,Surface,PACNEPSC,NA,0,0,4,0.10525,0.001258306
KAHO,12/9/2015,2015.875,2015,0.875,FKAHO01_ap,Fixed,Anchialine,Central,HA_Kaloko_005,TN,mg/l      ,Surface,PACNEPSC,NA,0,0,3,1.097666667,0.241332413
KAHO,12/9/2015,2015.875,2015,0.875,FKAHO01_ap,Fixed,Anchialine,Central,HA_Kaloko_005,TP,mg/l      ,Surface,PACNEPSC,NA,0,0,2,0.0955,0.014849242
KAHO,12/9/2015,2015.875,2015,0.875,FKAHO02_ap,Fixed,Anchialine,Central,HA_Kaloko_016,NO3,mg/l      ,Surface,PACNEPSC,NA,0,0,3,1.444333333,0.001527525
KAHO,12/9/2015,2015.875,2015,0.875,FKAHO02_ap,Fixed,Anchialine,Central,HA_Kaloko_016,TDN,mg/l      ,Surface,PACNEPSC,NA,0,0,3,1.557666667,0.006806859
KAHO,12/9/2015,2015.875,2015,0.875,FKAHO02_ap,Fixed,Anchialine,Central,HA_Kaloko_016,TDP,mg/l      ,Surface,PACNEPSC,NA,0,0,3,0.132333333,0.002081666
KAHO,12/9/2015,2015.875,2015,0.875,FKAHO02_ap,Fixed,Anchialine,Central,HA_Kaloko_016,TN,mg/l      ,Surface,PACNEPSC,NA,0,0,3,1.580666667,0.03477547
KAHO,12/9/2015,2015.875,2015,0.875,FKAHO02_ap,Fixed,Anchialine,Central,HA_Kaloko_016,TP,mg/l      ,Surface,PACNEPSC,NA,0,0,3,0.134666667,0.004163332
KAHO,12/9/2015,2015.875,2015,0.875,TKAHO0120151209,Temporary,Anchialine,Central,HA_Kaloko_057F,NO3,mg/l      ,Surface,PACNEPSC,NA,0,0,3,1.208333333,0.073900834
KAHO,12/9/2015,2015.875,2015,0.875,TKAHO0120151209,Temporary,Anchialine,Central,HA_Kaloko_057F,TDN,mg/l      ,Surface,PACNEPSC,NA,0,0,3,1.238666667,0.087122519
KAHO,12/9/2015,2015.875,2015,0.875,TKAHO0120151209,Temporary,Anchialine,Central,HA_Kaloko_057F,TDP,mg/l      ,Surface,PACNEPSC,NA,0,0,3,0.107666667,0.003511885
KAHO,12/9/2015,2015.875,2015,0.875,TKAHO0120151209,Temporary,Anchialine,Central,HA_Kaloko_057F,TN,mg/l      ,Surface,PACNEPSC,NA,0,0,3,1.265666667,0.090356701
KAHO,12/9/2015,2015.875,2015,0.875,TKAHO0120151209,Temporary,Anchialine,Central,HA_Kaloko_057F,TP,mg/l      ,Surface,PACNEPSC,NA,0,0,3,0.109333333,0.001527525
KAHO,12/9/2015,2015.875,2015,0.875,TKAHO0220151209,Temporary,Anchialine,Central,HA_Kaloko_053A,NO3,mg/l      ,Surface,PACNEPSC,NA,0,0,3,1.259666667,0.011015141
KAHO,12/9/2015,2015.875,2015,0.875,TKAHO0220151209,Temporary,Anchialine,Central,HA_Kaloko_053A,TDN,mg/l      ,Surface,PACNEPSC,NA,0,0,3,1.268333333,0.008504901
KAHO,12/9/2015,2015.875,2015,0.875,TKAHO0220151209,Temporary,Anchialine,Central,HA_Kaloko_053A,TDP,mg/l      ,Surface,PACNEPSC,NA,0,0,3,0.106666667,5.77E-04
KAHO,12/9/2015,2015.875,2015,0.875,TKAHO0220151209,Temporary,Anchialine,Central,HA_Kaloko_053A,TN,mg/l      ,Surface,PACNEPSC,NA,0,0,3,1.272,0.01
KAHO,12/9/2015,2015.875,2015,0.875,TKAHO0220151209,Temporary,Anchialine,Central,HA_Kaloko_053A,TP,mg/l      ,Surface,PACNEPSC,NA,0,0,3,0.108666667,0.001527525
KAHO,12/9/2015,2015.875,2015,0.875,TKAHO0320151209,Temporary,Anchialine,Central,HA_Kaloko_053H,NO3,mg/l      ,Surface,PACNEPSC,NA,0,0,3,1.533,0.011357817
KAHO,12/9/2015,2015.875,2015,0.875,TKAHO0320151209,Temporary,Anchialine,Central,HA_Kaloko_053H,TDN,mg/l      ,Surface,PACNEPSC,NA,0,0,3,1.697,0.003605551
KAHO,12/9/2015,2015.875,2015,0.875,TKAHO0320151209,Temporary,Anchialine,Central,HA_Kaloko_053H,TDP,mg/l      ,Surface,PACNEPSC,NA,0,0,3,0.133,0.004
KAHO,12/9/2015,2015.875,2015,0.875,TKAHO0320151209,Temporary,Anchialine,Central,HA_Kaloko_053H,TN,mg/l      ,Surface,PACNEPSC,NA,0,0,2,1.7615,0.092630988
KAHO,12/9/2015,2015.875,2015,0.875,TKAHO0320151209,Temporary,Anchialine,Central,HA_Kaloko_053H,TN,mg/l      ,Surface,PACNEPSC,NA,1,0,1,0.927,NA
KAHO,12/9/2015,2015.875,2015,0.875,TKAHO0320151209,Temporary,Anchialine,Central,HA_Kaloko_053H,TP,mg/l      ,Surface,PACNEPSC,NA,0,0,2,0.135,0.002828427
KAHO,12/9/2015,2015.875,2015,0.875,TKAHO0320151209,Temporary,Anchialine,Central,HA_Kaloko_053H,TP,mg/l      ,Surface,PACNEPSC,NA,1,0,1,0.109,NA
KAHO,12/9/2015,2015.875,2015,0.875,TKAHO0420151209,Temporary,Anchialine,Central,HA_Kaloko_012,NO3,mg/l      ,Surface,PACNEPSC,NA,0,0,3,1.287666667,0.029501412
KAHO,12/9/2015,2015.875,2015,0.875,TKAHO0420151209,Temporary,Anchialine,Central,HA_Kaloko_012,TDN,mg/l      ,Surface,PACNEPSC,NA,0,0,3,1.319666667,0.025166115
KAHO,12/9/2015,2015.875,2015,0.875,TKAHO0420151209,Temporary,Anchialine,Central,HA_Kaloko_012,TDP,mg/l      ,Surface,PACNEPSC,NA,0,0,3,0.112333333,5.77E-04
KAHO,12/9/2015,2015.875,2015,0.875,TKAHO0420151209,Temporary,Anchialine,Central,HA_Kaloko_012,TN,mg/l      ,Surface,PACNEPSC,NA,0,0,3,1.365666667,0.023671361
KAHO,12/9/2015,2015.875,2015,0.875,TKAHO0420151209,Temporary,Anchialine,Central,HA_Kaloko_012,TP,mg/l      ,Surface,PACNEPSC,NA,0,0,3,0.114333333,0.001154701
KAHO,2/11/2016,2016.125,2016,0.125,FKAHO01_ap,Fixed,Anchialine,Central,HA_Kaloko_005,NO3,mg/l      ,Surface,PACNEPSC,NA,0,0,3,0.997,0.19530233
KAHO,2/11/2016,2016.125,2016,0.125,FKAHO01_ap,Fixed,Anchialine,Central,HA_Kaloko_005,TDN,mg/l      ,Surface,PACNEPSC,NA,0,0,3,1.030333333,0.182839638
KAHO,2/11/2016,2016.125,2016,0.125,FKAHO01_ap,Fixed,Anchialine,Central,HA_Kaloko_005,TDP,mg/l      ,Surface,PACNEPSC,NA,0,0,3,0.091666667,0.01274101
KAHO,2/11/2016,2016.125,2016,0.125,FKAHO02_ap,Fixed,Anchialine,Central,HA_Kaloko_016,NO3,mg/l      ,Surface,PACNEPSC,NA,0,0,3,1.147,0.285658887
KAHO,2/11/2016,2016.125,2016,0.125,FKAHO02_ap,Fixed,Anchialine,Central,HA_Kaloko_016,TDN,mg/l      ,Surface,PACNEPSC,NA,0,0,3,1.158666667,0.286576924
KAHO,2/11/2016,2016.125,2016,0.125,FKAHO02_ap,Fixed,Anchialine,Central,HA_Kaloko_016,TDP,mg/l      ,Surface,PACNEPSC,NA,0,0,3,0.124333333,0.005686241
KAHO,2/11/2016,2016.125,2016,0.125,TKAHO0120160211,Temporary,Anchialine,Central,HA_Kaloko_046,NO3,mg/l      ,Surface,PACNEPSC,NA,0,0,3,1.075333333,0.205081285
KAHO,2/11/2016,2016.125,2016,0.125,TKAHO0120160211,Temporary,Anchialine,Central,HA_Kaloko_046,TDN,mg/l      ,Surface,PACNEPSC,NA,0,0,3,1.143,0.280342647
KAHO,2/11/2016,2016.125,2016,0.125,TKAHO0120160211,Temporary,Anchialine,Central,HA_Kaloko_046,TDP,mg/l      ,Surface,PACNEPSC,NA,0,0,3,0.095,0.013
KAHO,2/11/2016,2016.125,2016,0.125,TKAHO0320160211,Temporary,Anchialine,Central,HA_Kaloko_061,NO3,mg/l      ,Surface,PACNEPSC,NA,0,0,3,1.098,0.36431717
KAHO,2/11/2016,2016.125,2016,0.125,TKAHO0320160211,Temporary,Anchialine,Central,HA_Kaloko_061,TDN,mg/l      ,Surface,PACNEPSC,NA,0,0,3,1.120666667,0.409763753
KAHO,2/11/2016,2016.125,2016,0.125,TKAHO0320160211,Temporary,Anchialine,Central,HA_Kaloko_061,TDP,mg/l      ,Surface,PACNEPSC,NA,0,0,3,0.104333333,0.023755701
KAHO,2/11/2016,2016.125,2016,0.125,TKAHO0420160211,Temporary,Anchialine,Central,HA_Kaloko_055,NO3,mg/l      ,Surface,PACNEPSC,NA,0,0,3,1.123333333,0.299953885
KAHO,2/11/2016,2016.125,2016,0.125,TKAHO0420160211,Temporary,Anchialine,Central,HA_Kaloko_055,TDN,mg/l      ,Surface,PACNEPSC,NA,0,0,3,1.138666667,0.295032767
KAHO,2/11/2016,2016.125,2016,0.125,TKAHO0420160211,Temporary,Anchialine,Central,HA_Kaloko_055,TDP,mg/l      ,Surface,PACNEPSC,NA,0,0,3,0.100666667,0.014571662
KAHO,4/21/2016,2016.375,2016,0.375,FKAHO01_ap,Fixed,Anchialine,Central,HA_Kaloko_005,NO3,mg/l      ,Surface,PACNEPSC,NA,0,0,3,1.165333333,0.009237604
KAHO,4/21/2016,2016.375,2016,0.375,FKAHO01_ap,Fixed,Anchialine,Central,HA_Kaloko_005,TDN,mg/l      ,Surface,PACNEPSC,NA,0,0,3,1.219666667,0.077086531
KAHO,4/21/2016,2016.375,2016,0.375,FKAHO01_ap,Fixed,Anchialine,Central,HA_Kaloko_005,TDP,mg/l      ,Surface,PACNEPSC,NA,0,0,3,0.104,0.003605551
KAHO,4/21/2016,2016.375,2016,0.375,FKAHO02_ap,Fixed,Anchialine,Central,HA_Kaloko_016,NO3,mg/l      ,Surface,PACNEPSC,NA,0,0,3,1.455,0.010440307
KAHO,4/21/2016,2016.375,2016,0.375,FKAHO02_ap,Fixed,Anchialine,Central,HA_Kaloko_016,TDN,mg/l      ,Surface,PACNEPSC,NA,0,0,3,1.536333333,0.007637626
KAHO,4/21/2016,2016.375,2016,0.375,FKAHO02_ap,Fixed,Anchialine,Central,HA_Kaloko_016,TDP,mg/l      ,Surface,PACNEPSC,NA,0,0,3,0.133666667,0.00321455
KAHO,4/21/2016,2016.375,2016,0.375,TKAHO0420160421,Temporary,Anchialine,Central,HA_Honoko_020,NO3,mg/l      ,Surface,PACNEPSC,NA,0,0,3,1.283333333,0.00450925
KAHO,4/21/2016,2016.375,2016,0.375,TKAHO0420160421,Temporary,Anchialine,Central,HA_Honoko_020,TDN,mg/l      ,Surface,PACNEPSC,NA,0,0,3,1.338666667,0.017214335
KAHO,4/21/2016,2016.375,2016,0.375,TKAHO0420160421,Temporary,Anchialine,Central,HA_Honoko_020,TDP,mg/l      ,Surface,PACNEPSC,NA,0,0,3,0.114,0.002645751
KAHO,8/1/2016,2016.625,2016,0.625,FKAHO01_ap,Fixed,Anchialine,Central,HA_Kaloko_005,NO3,mg/l      ,Surface,PACNEPSC,NA,0,0,3,1.012666667,0.054500765
KAHO,8/1/2016,2016.625,2016,0.625,FKAHO01_ap,Fixed,Anchialine,Central,HA_Kaloko_005,TDN,mg/l      ,Surface,PACNEPSC,NA,0,0,3,1.047666667,0.054427322
KAHO,8/1/2016,2016.625,2016,0.625,FKAHO01_ap,Fixed,Anchialine,Central,HA_Kaloko_005,TDP,mg/l      ,Surface,PACNEPSC,NA,0,0,3,0.106333333,0.005507571
KAHO,8/1/2016,2016.625,2016,0.625,FKAHO02_ap,Fixed,Anchialine,Central,HA_Kaloko_016,NO3,mg/l      ,Surface,PACNEPSC,NA,0,0,3,1.310666667,0.10017152
KAHO,8/1/2016,2016.625,2016,0.625,FKAHO02_ap,Fixed,Anchialine,Central,HA_Kaloko_016,TDN,mg/l      ,Surface,PACNEPSC,NA,0,0,3,1.395666667,0.129731775
KAHO,8/1/2016,2016.625,2016,0.625,FKAHO02_ap,Fixed,Anchialine,Central,HA_Kaloko_016,TDP,mg/l      ,Surface,PACNEPSC,NA,0,0,3,0.151333333,0.007371115
KAHO,8/1/2016,2016.625,2016,0.625,TKAHO0320160801,Temporary,Anchialine,Central,HA_Kaloko_53H,NO3,mg/l      ,Surface,PACNEPSC,NA,0,0,3,1.435666667,0.110888833
KAHO,8/1/2016,2016.625,2016,0.625,TKAHO0320160801,Temporary,Anchialine,Central,HA_Kaloko_53H,TDN,mg/l      ,Surface,PACNEPSC,NA,0,0,3,1.501,0.114013157
KAHO,8/1/2016,2016.625,2016,0.625,TKAHO0320160801,Temporary,Anchialine,Central,HA_Kaloko_53H,TDP,mg/l      ,Surface,PACNEPSC,NA,0,0,3,0.133,0.004358899
KAHO,9/16/2016,2016.625,2016,0.625,FKAHO01_ap,Fixed,Anchialine,Central,HA_Kaloko_005,NO3,mg/l      ,Surface,PACNEPSC,NA,0,0,3,1.122,0.010535654
KAHO,9/16/2016,2016.625,2016,0.625,FKAHO01_ap,Fixed,Anchialine,Central,HA_Kaloko_005,TDN,mg/l      ,Surface,PACNEPSC,NA,0,0,3,1.201333333,0.004163332
KAHO,9/16/2016,2016.625,2016,0.625,FKAHO01_ap,Fixed,Anchialine,Central,HA_Kaloko_005,TDP,mg/l      ,Surface,PACNEPSC,NA,0,0,3,0.099666667,0.002081666
KAHO,9/16/2016,2016.625,2016,0.625,FKAHO02_ap,Fixed,Anchialine,Central,HA_Kaloko_016,NO3,mg/l      ,Surface,PACNEPSC,NA,0,0,3,1.339333333,0.078270897
KAHO,9/16/2016,2016.625,2016,0.625,FKAHO02_ap,Fixed,Anchialine,Central,HA_Kaloko_016,TDN,mg/l      ,Surface,PACNEPSC,NA,0,0,3,1.53,0.116567577
KAHO,9/16/2016,2016.625,2016,0.625,FKAHO02_ap,Fixed,Anchialine,Central,HA_Kaloko_016,TDP,mg/l      ,Surface,PACNEPSC,NA,0,0,3,0.135666667,0.007571878
KAHO,9/16/2016,2016.625,2016,0.625,TKAHO0320160916,Temporary,Anchialine,Central,HA_Kaloko_012,NO3,mg/l      ,Surface,PACNEPSC,NA,0,0,3,1.236,0.041146081
KAHO,9/16/2016,2016.625,2016,0.625,TKAHO0320160916,Temporary,Anchialine,Central,HA_Kaloko_012,TDN,mg/l      ,Surface,PACNEPSC,NA,0,0,3,1.418666667,0.056721542
KAHO,9/16/2016,2016.625,2016,0.625,TKAHO0320160916,Temporary,Anchialine,Central,HA_Kaloko_012,TDP,mg/l      ,Surface,PACNEPSC,NA,0,0,3,0.108333333,0.002309401
KAHO,9/16/2016,2016.625,2016,0.625,TKAHO0420160916,Temporary,Anchialine,Central,HA_Kaloko_057F,NO3,mg/l      ,Surface,PACNEPSC,NA,0,0,3,1.119,0.074484898
KAHO,9/16/2016,2016.625,2016,0.625,TKAHO0420160916,Temporary,Anchialine,Central,HA_Kaloko_057F,TDN,mg/l      ,Surface,PACNEPSC,NA,0,0,3,1.287,0.123223374
KAHO,9/16/2016,2016.625,2016,0.625,TKAHO0420160916,Temporary,Anchialine,Central,HA_Kaloko_057F,TDP,mg/l      ,Surface,PACNEPSC,NA,0,0,3,0.104666667,0.004041452
KAHO,12/13/2016,2016.875,2016,0.875,FKAHO01_ap,Fixed,Anchialine,Central,HA_Kaloko_005,NO3,mg/l      ,Surface,PACNEPSC,NA,0,0,3,1.007666667,0.030827477
KAHO,12/13/2016,2016.875,2016,0.875,FKAHO01_ap,Fixed,Anchialine,Central,HA_Kaloko_005,TDN,mg/l      ,Surface,PACNEPSC,NA,0,0,3,1.202666667,0.02055075
KAHO,12/13/2016,2016.875,2016,0.875,FKAHO01_ap,Fixed,Anchialine,Central,HA_Kaloko_005,TDP,mg/l      ,Surface,PACNEPSC,NA,0,0,3,0.100333333,0.005507571
KAHO,12/13/2016,2016.875,2016,0.875,FKAHO02_ap,Fixed,Anchialine,Central,HA_Kaloko_016,NO3,mg/l      ,Surface,PACNEPSC,NA,0,0,3,1.306666667,0.083864971
KAHO,12/13/2016,2016.875,2016,0.875,FKAHO02_ap,Fixed,Anchialine,Central,HA_Kaloko_016,TDN,mg/l      ,Surface,PACNEPSC,NA,0,0,3,1.558666667,0.100450651
KAHO,12/13/2016,2016.875,2016,0.875,FKAHO02_ap,Fixed,Anchialine,Central,HA_Kaloko_016,TDP,mg/l      ,Surface,PACNEPSC,NA,0,0,3,0.133,0.002645751
KAHO,12/13/2016,2016.875,2016,0.875,TKAHO0120161213,Temporary,Anchialine,Central,HA_Kaloko_046,NO3,mg/l      ,Surface,PACNEPSC,NA,0,0,3,0.945666667,0.083032122
KAHO,12/13/2016,2016.875,2016,0.875,TKAHO0120161213,Temporary,Anchialine,Central,HA_Kaloko_046,TDN,mg/l      ,Surface,PACNEPSC,NA,0,0,3,1.075,0.103116439
KAHO,12/13/2016,2016.875,2016,0.875,TKAHO0120161213,Temporary,Anchialine,Central,HA_Kaloko_046,TDP,mg/l      ,Surface,PACNEPSC,NA,0,0,3,0.092,0.007549834
KAHO,12/13/2016,2016.875,2016,0.875,TKAHO0320161213,Temporary,Anchialine,Central,HA_Kaloko_061,NO3,mg/l      ,Surface,PACNEPSC,NA,0,0,3,1.168,0.070192592
KAHO,12/13/2016,2016.875,2016,0.875,TKAHO0320161213,Temporary,Anchialine,Central,HA_Kaloko_061,TDN,mg/l      ,Surface,PACNEPSC,NA,0,0,3,1.383666667,0.088489171
KAHO,12/13/2016,2016.875,2016,0.875,TKAHO0320161213,Temporary,Anchialine,Central,HA_Kaloko_061,TDP,mg/l      ,Surface,PACNEPSC,NA,0,0,3,0.110666667,0.005033223
KAHO,12/13/2016,2016.875,2016,0.875,TKAHO0420161213,Temporary,Anchialine,Central,HA_Kaloko_032,NO3,mg/l      ,Surface,PACNEPSC,NA,0,0,3,0.725666667,0.040648903
KAHO,12/13/2016,2016.875,2016,0.875,TKAHO0420161213,Temporary,Anchialine,Central,HA_Kaloko_032,TDN,mg/l      ,Surface,PACNEPSC,NA,0,0,3,1.014333333,0.078780285
KAHO,12/13/2016,2016.875,2016,0.875,TKAHO0420161213,Temporary,Anchialine,Central,HA_Kaloko_032,TDP,mg/l      ,Surface,PACNEPSC,NA,0,0,3,0.092,0.004358899
KAHO,2/10/2017,2017.125,2017,0.125,FKAHO02_ap,Fixed,Anchialine,Central,HA_Kaloko_016,NO3,mg/l      ,Surface,PACNEPSC,NA,0,0,3,1.056,0.363340061
KAHO,2/10/2017,2017.125,2017,0.125,FKAHO02_ap,Fixed,Anchialine,Central,HA_Kaloko_016,TDN,mg/l      ,Surface,PACNEPSC,NA,0,0,3,1.088,0.406542741
KAHO,2/10/2017,2017.125,2017,0.125,FKAHO02_ap,Fixed,Anchialine,Central,HA_Kaloko_016,TDP,mg/l      ,Surface,PACNEPSC,NA,0,0,3,0.114,0.019974984
KAHO,2/10/2017,2017.125,2017,0.125,TKAHO0220170210,Temporary,Anchialine,Central,HA_Kaloko_012,NO3,mg/l      ,Surface,PACNEPSC,NA,0,0,3,0.974666667,0.146888847
KAHO,2/10/2017,2017.125,2017,0.125,TKAHO0220170210,Temporary,Anchialine,Central,HA_Kaloko_012,TDN,mg/l      ,Surface,PACNEPSC,NA,0,0,3,1.077,0.160071859
KAHO,2/10/2017,2017.125,2017,0.125,TKAHO0220170210,Temporary,Anchialine,Central,HA_Kaloko_012,TDP,mg/l      ,Surface,PACNEPSC,NA,0,0,3,0.095333333,0.00450925
KAHO,2/10/2017,2017.125,2017,0.125,TKAHO0320170210,Temporary,Anchialine,Central,HA_Kaloko_053A,NO3,mg/l      ,Surface,PACNEPSC,NA,0,0,3,0.997333333,0.145953189
KAHO,2/10/2017,2017.125,2017,0.125,TKAHO0320170210,Temporary,Anchialine,Central,HA_Kaloko_053A,TDN,mg/l      ,Surface,PACNEPSC,NA,0,0,3,1.196,0.163349319
KAHO,2/10/2017,2017.125,2017,0.125,TKAHO0320170210,Temporary,Anchialine,Central,HA_Kaloko_053A,TDP,mg/l      ,Surface,PACNEPSC,NA,0,0,3,0.097666667,0.006658328
KAHO,2/11/2017,2017.125,2017,0.125,FKAHO01_ap,Fixed,Anchialine,Central,HA_Kaloko_005,NO3,mg/l      ,Surface,PACNEPSC,NA,0,0,3,0.930666667,0.174015325
KAHO,2/11/2017,2017.125,2017,0.125,FKAHO01_ap,Fixed,Anchialine,Central,HA_Kaloko_005,TDN,mg/l      ,Surface,PACNEPSC,NA,0,0,3,1.023,0.190575444
KAHO,2/11/2017,2017.125,2017,0.125,FKAHO01_ap,Fixed,Anchialine,Central,HA_Kaloko_005,TDP,mg/l      ,Surface,PACNEPSC,NA,0,0,3,0.092333333,0.007234178
KAHO,2/11/2017,2017.125,2017,0.125,TKAHO0420170211,Temporary,Anchialine,Central,HA_Kaloko_058,NO3,mg/l      ,Surface,PACNEPSC,NA,0,0,3,1.22,0.065107603
KAHO,2/11/2017,2017.125,2017,0.125,TKAHO0420170211,Temporary,Anchialine,Central,HA_Kaloko_058,TDN,mg/l      ,Surface,PACNEPSC,NA,0,0,3,1.323,0.053507009
KAHO,2/11/2017,2017.125,2017,0.125,TKAHO0420170211,Temporary,Anchialine,Central,HA_Kaloko_058,TDP,mg/l      ,Surface,PACNEPSC,NA,0,0,3,0.108,0.001
KAHO,4/26/2017,2017.375,2017,0.375,FKAHO01_ap,Fixed,Anchialine,Central,HA_Kaloko_005,NO3,mg/l      ,Surface,PACNEPSC,NA,0,0,3,0.786,0.233777672
KAHO,4/26/2017,2017.375,2017,0.375,FKAHO01_ap,Fixed,Anchialine,Central,HA_Kaloko_005,TDN,mg/l      ,Surface,PACNEPSC,NA,0,0,3,0.875666667,0.281525014
KAHO,4/26/2017,2017.375,2017,0.375,FKAHO01_ap,Fixed,Anchialine,Central,HA_Kaloko_005,TDP,mg/l      ,Surface,PACNEPSC,NA,0,0,3,0.09,0.013747727
KAHO,4/26/2017,2017.375,2017,0.375,FKAHO02_ap,Fixed,Anchialine,Central,HA_Kaloko_016,NO3,mg/l      ,Surface,PACNEPSC,NA,0,0,3,1.079,0.221873838
KAHO,4/26/2017,2017.375,2017,0.375,FKAHO02_ap,Fixed,Anchialine,Central,HA_Kaloko_016,TDN,mg/l      ,Surface,PACNEPSC,NA,0,0,3,1.209666667,0.285177722
KAHO,4/26/2017,2017.375,2017,0.375,FKAHO02_ap,Fixed,Anchialine,Central,HA_Kaloko_016,TDP,mg/l      ,Surface,PACNEPSC,NA,0,0,3,0.124,0.002645751
KAHO,4/26/2017,2017.375,2017,0.375,TKAHO0220170426,Temporary,Anchialine,Central,HA_Kaloko_053F,NO3,mg/l      ,Surface,PACNEPSC,NA,0,0,3,0.996666667,0.116808961
KAHO,4/26/2017,2017.375,2017,0.375,TKAHO0220170426,Temporary,Anchialine,Central,HA_Kaloko_053F,TDN,mg/l      ,Surface,PACNEPSC,NA,0,0,3,1.117,0.140424357
KAHO,4/26/2017,2017.375,2017,0.375,TKAHO0220170426,Temporary,Anchialine,Central,HA_Kaloko_053F,TDP,mg/l      ,Surface,PACNEPSC,NA,0,0,3,0.112,0.008660254
KAHO,7/25/2017,2017.625,2017,0.625,FKAHO01_ap,Fixed,Anchialine,Central,HA_Kaloko_005,NO3,mg/l      ,Surface,PACNEPSC,NA,0,0,3,0.979333333,0.004618802
KAHO,7/25/2017,2017.625,2017,0.625,FKAHO01_ap,Fixed,Anchialine,Central,HA_Kaloko_005,TDN,mg/l      ,Surface,PACNEPSC,NA,0,0,3,1.108333333,0.00305505
KAHO,7/25/2017,2017.625,2017,0.625,FKAHO01_ap,Fixed,Anchialine,Central,HA_Kaloko_005,TDP,mg/l      ,Surface,PACNEPSC,NA,0,0,3,0.099,0.001
KAHO,7/25/2017,2017.625,2017,0.625,FKAHO02_ap,Fixed,Anchialine,Central,HA_Kaloko_016,NO3,mg/l      ,Surface,PACNEPSC,NA,0,0,3,1.245333333,0.022368132
KAHO,7/25/2017,2017.625,2017,0.625,FKAHO02_ap,Fixed,Anchialine,Central,HA_Kaloko_016,TDN,mg/l      ,Surface,PACNEPSC,NA,0,0,3,1.473333333,0.016041613
KAHO,7/25/2017,2017.625,2017,0.625,FKAHO02_ap,Fixed,Anchialine,Central,HA_Kaloko_016,TDP,mg/l      ,Surface,PACNEPSC,NA,0,0,3,0.128666667,0.001154701
KAHO,7/25/2017,2017.625,2017,0.625,TKAHO0220170725,Temporary,Anchialine,Central,HA_Kaloko_013,NO3,mg/l      ,Surface,PACNEPSC,NA,0,0,3,1.219333333,0.006429101
KAHO,7/25/2017,2017.625,2017,0.625,TKAHO0220170725,Temporary,Anchialine,Central,HA_Kaloko_013,TDN,mg/l      ,Surface,PACNEPSC,NA,0,0,3,1.427,0.002
KAHO,7/25/2017,2017.625,2017,0.625,TKAHO0220170725,Temporary,Anchialine,Central,HA_Kaloko_013,TDP,mg/l      ,Surface,PACNEPSC,NA,0,0,3,0.113666667,5.77E-04
KAHO,7/25/2017,2017.625,2017,0.625,TKAHO0320170725,Temporary,Anchialine,Central,HA_Kaloko_007,NO3,mg/l      ,Surface,PACNEPSC,NA,0,0,3,0.682666667,0.040918618
KAHO,7/25/2017,2017.625,2017,0.625,TKAHO0320170725,Temporary,Anchialine,Central,HA_Kaloko_007,TDN,mg/l      ,Surface,PACNEPSC,NA,0,0,3,0.836,0.03508561
KAHO,7/25/2017,2017.625,2017,0.625,TKAHO0320170725,Temporary,Anchialine,Central,HA_Kaloko_007,TDP,mg/l      ,Surface,PACNEPSC,NA,0,0,3,0.085333333,0.001154701
KAHO,7/26/2017,2017.625,2017,0.625,TKAHO0120170726,Temporary,Anchialine,Central,HA_Kaloko_046,NO3,mg/l      ,Surface,PACNEPSC,NA,0,0,3,1.051333333,0.00450925
KAHO,7/26/2017,2017.625,2017,0.625,TKAHO0120170726,Temporary,Anchialine,Central,HA_Kaloko_046,TDN,mg/l      ,Surface,PACNEPSC,NA,0,0,3,1.205666667,0.010066446
KAHO,7/26/2017,2017.625,2017,0.625,TKAHO0120170726,Temporary,Anchialine,Central,HA_Kaloko_046,TDP,mg/l      ,Surface,PACNEPSC,NA,0,0,3,0.102,1.00E-03
KAHO,7/26/2017,2017.625,2017,0.625,TKAHO0420170726,Temporary,Anchialine,Central,HA_Kaloko_053A,NO3,mg/l      ,Surface,PACNEPSC,NA,0,0,3,1.055,0.006557439
KAHO,7/26/2017,2017.625,2017,0.625,TKAHO0420170726,Temporary,Anchialine,Central,HA_Kaloko_053A,TDN,mg/l      ,Surface,PACNEPSC,NA,0,0,3,1.220333333,0.020840665
KAHO,7/26/2017,2017.625,2017,0.625,TKAHO0420170726,Temporary,Anchialine,Central,HA_Kaloko_053A,TDP,mg/l      ,Surface,PACNEPSC,NA,0,0,3,0.106666667,0.005686241
KAHO,12/14/2017,2017.875,2017,0.875,FKAHO01_ap,Fixed,Anchialine,Central,HA_Kaloko_005,NO3,mg/l      ,Surface,PACNEPSC,NA,0,0,3,1.046333333,0.008962886
KAHO,12/14/2017,2017.875,2017,0.875,FKAHO01_ap,Fixed,Anchialine,Central,HA_Kaloko_005,TDN,mg/l      ,Surface,PACNEPSC,NA,0,0,3,1.072666667,0.019502137
KAHO,12/14/2017,2017.875,2017,0.875,FKAHO01_ap,Fixed,Anchialine,Central,HA_Kaloko_005,TDP,mg/l      ,Surface,PACNEPSC,NA,0,0,3,0.099,0.002645751
KAHO,12/14/2017,2017.875,2017,0.875,FKAHO02_ap,Fixed,Anchialine,Central,HA_Kaloko_016,NO3,mg/l      ,Surface,PACNEPSC,NA,0,0,3,1.377333333,0.002309401
KAHO,12/14/2017,2017.875,2017,0.875,FKAHO02_ap,Fixed,Anchialine,Central,HA_Kaloko_016,TDN,mg/l      ,Surface,PACNEPSC,NA,0,0,3,1.409,0.024576411
KAHO,12/14/2017,2017.875,2017,0.875,FKAHO02_ap,Fixed,Anchialine,Central,HA_Kaloko_016,TDP,mg/l      ,Surface,PACNEPSC,NA,0,0,3,0.131666667,0.010969655
KAHO,12/14/2017,2017.875,2017,0.875,TKAHO0120171214,Temporary,Anchialine,Central,HA_Kaloko_049,NO3,mg/l      ,Surface,PACNEPSC,NA,0,0,3,0.977666667,0.005131601
KAHO,12/14/2017,2017.875,2017,0.875,TKAHO0120171214,Temporary,Anchialine,Central,HA_Kaloko_049,TDN,mg/l      ,Surface,PACNEPSC,NA,0,0,3,0.998,0.018734994
KAHO,12/14/2017,2017.875,2017,0.875,TKAHO0120171214,Temporary,Anchialine,Central,HA_Kaloko_049,TDP,mg/l      ,Surface,PACNEPSC,NA,0,0,3,0.091666667,0.002886751
KAHO,12/14/2017,2017.875,2017,0.875,TKAHO0320171214,Temporary,Anchialine,Central,HA_Kaloko_011,NO3,mg/l      ,Surface,PACNEPSC,NA,0,0,3,1.441333333,0.010598742
KAHO,12/14/2017,2017.875,2017,0.875,TKAHO0320171214,Temporary,Anchialine,Central,HA_Kaloko_011,TDN,mg/l      ,Surface,PACNEPSC,NA,0,0,3,1.465666667,0.017009801
KAHO,12/14/2017,2017.875,2017,0.875,TKAHO0320171214,Temporary,Anchialine,Central,HA_Kaloko_011,TDP,mg/l      ,Surface,PACNEPSC,NA,0,0,3,0.126,0.003
KAHO,12/14/2017,2017.875,2017,0.875,TKAHO0420171214,Temporary,Anchialine,Central,HA_Kaloko_044,NO3,mg/l      ,Surface,PACNEPSC,NA,0,0,3,1.115666667,0.007505553
KAHO,12/14/2017,2017.875,2017,0.875,TKAHO0420171214,Temporary,Anchialine,Central,HA_Kaloko_044,TDN,mg/l      ,Surface,PACNEPSC,NA,0,0,3,1.134333333,0.0090185
KAHO,12/14/2017,2017.875,2017,0.875,TKAHO0420171214,Temporary,Anchialine,Central,HA_Kaloko_044,TDP,mg/l      ,Surface,PACNEPSC,NA,0,0,3,0.103,0.001
